CREATE extension unaccent;

INSERT INTO generos (id_genero, genero) VALUES
	(1, 'Masculino'),
	(2, 'Femenino');


INSERT INTO paises (id_pais, nombre_pais) VALUES
	(1, 'El Salvador');

INSERT INTO departamentos (id_departamento, nombre_departamento, id_pais) VALUES
	(1, 'Ahuachapán', 1),
	(2, 'Santa Ana', 1),
	(3, 'Sonsonate', 1),
	(4, 'La Libertad', 1),
	(5, 'Chalatenango', 1),
	(6, 'San Salvador', 1),
	(7, 'Cuscatlán', 1),
	(8, 'La Paz', 1),
	(9, 'Cabañas', 1),
	(10, 'San Vicente', 1),
	(11, 'Usulután', 1),
	(12, 'Morazán', 1),
	(13, 'San Miguel', 1),
	(14, 'La Unión', 1);

INSERT INTO municipios (id_municipio, nombre_municipio, id_departamento) VALUES
(1, 'Ahuachapán', 1),
(2, 'Jujutla', 1),
(3, 'Atiquizaya', 1),
(4, 'Concepción de Ataco', 1),
(5, 'El Refugio', 1),
(6, 'Guaymango', 1),
(7, 'Apaneca', 1),
(8, 'San Francisco Menéndez', 1),
(9, 'San Lorenzo', 1),
(10, 'San Pedro Puxtla', 1),
(11, 'Tacuba', 1),
(12, 'Turín', 1),
(13, 'Candelaria de la Frontera', 2),
(14, 'Chalchuapa', 2),
(15, 'Coatepeque', 2),
(16, 'El Congo', 2),
(17, 'El Porvenir', 2),
(18, 'Masahuat', 2),
(19, 'Metapán', 2),
(20, 'San Antonio Pajonal', 2),
(21, 'San Sebastián Salitrillo', 2),
(22, 'Santa Ana', 2),
(23, 'Santa Rosa Guachipilín', 2),
(24, 'Santiago de la Frontera', 2),
(25, 'Texistepeque', 2),
(26, 'Acajutla', 3),
(27, 'Armenia', 3),
(28, 'Caluco', 3),
(29, 'Cuisnahuat', 3),
(30, 'Izalco', 3),
(31, 'Juayúa', 3),
(32, 'Nahuizalco', 3),
(33, 'Nahulingo', 3),
(34, 'Salcoatitán', 3),
(35, 'San Antonio del Monte', 3),
(36, 'San Julián', 3),
(37, 'Santa Catarina Masahuat', 3),
(38, 'Santa Isabel Ishuatán', 3),
(39, 'Santo Domingo de Guzmán', 3),
(40, 'Sonsonate', 3),
(41, 'Sonzacate', 3),
(42, 'Alegría', 11),
(43, 'Berlín', 11),
(44, 'California', 11),
(45, 'Concepción Batres', 11),
(46, 'El Triunfo', 11),
(47, 'Ereguayquín', 11),
(48, 'Estanzuelas', 11),
(49, 'Jiquilisco', 11),
(50, 'Jucuapa', 11),
(51, 'Jucuarán', 11),
(52, 'Mercedes Umaña', 11),
(53, 'Nueva Granada', 11),
(54, 'Ozatlán', 11),
(55, 'Puerto El Triunfo', 11),
(56, 'San Agustín', 11),
(57, 'San Buenaventura', 11),
(58, 'San Dionisio', 11),
(59, 'San Francisco Javier', 11),
(60, 'Santa Elena', 11),
(61, 'Santa María', 11),
(62, 'Santiago de María', 11),
(63, 'Tecapán', 11),
(64, 'Usulután', 11),
(65, 'Carolina', 13),
(66, 'Chapeltique', 13),
(67, 'Chinameca', 13),
(68, 'Chirilagua', 13),
(69, 'Ciudad Barrios', 13),
(70, 'Comacarán', 13),
(71, 'El Tránsito', 13),
(72, 'Lolotique', 13),
(73, 'Moncagua', 13),
(74, 'Nueva Guadalupe', 13),
(75, 'Nuevo Edén de San Juan', 13),
(76, 'Quelepa', 13),
(77, 'San Antonio del Mosco', 13),
(78, 'San Gerardo', 13),
(79, 'San Jorge', 13),
(80, 'San Luis de la Reina', 13),
(81, 'San Miguel', 13),
(82, 'San Rafael Oriente', 13),
(83, 'Sesori', 13),
(84, 'Uluazapa', 13),
(85, 'Arambala', 12),
(86, 'Cacaopera', 12),
(87, 'Chilanga', 12),
(88, 'Corinto', 12),
(89, 'Delicias de Concepción', 12),
(90, 'El Divisadero', 12),
(91, 'El Rosario (Morazán)', 12),
(92, 'Gualococti', 12),
(93, 'Guatajiagua', 12),
(94, 'Joateca', 12),
(95, 'Jocoaitique', 12),
(96, 'Jocoro', 12),
(97, 'Lolotiquillo', 12),
(98, 'Meanguera', 12),
(99, 'Osicala', 12),
(100, 'Perquín', 12),
(101, 'San Carlos', 12),
(102, 'San Fernando (Morazán)', 12),
(103, 'San Francisco Gotera', 12),
(104, 'San Isidro (Morazán)', 12),
(105, 'San Simón', 12),
(106, 'Sensembra', 12),
(107, 'Sociedad', 12),
(108, 'Torola', 12),
(109, 'Yamabal', 12),
(110, 'Yoloaiquín', 12),
(111, 'La Unión', 14),
(112, 'San Alejo', 14),
(113, 'Yucuaiquín', 14),
(114, 'Conchagua', 14),
(115, 'Intipucá', 14),
(116, 'San José', 14),
(117, 'El Carmen (La Unión)', 14),
(118, 'Yayantique', 14),
(119, 'Bolívar', 14),
(120, 'Meanguera del Golfo', 14),
(121, 'Santa Rosa de Lima', 14),
(122, 'Pasaquina', 14),
(123, 'Anamoros', 14),
(124, 'Nueva Esparta', 14),
(125, 'El Sauce', 14),
(126, 'Concepción de Oriente', 14),
(127, 'Polorós', 14),
(128, 'Lislique', 14),
(129, 'Antiguo Cuscatlán', 4),
(130, 'Chiltiupán', 4),
(131, 'Ciudad Arce', 4),
(132, 'Colón', 4),
(133, 'Comasagua', 4),
(134, 'Huizúcar', 4),
(135, 'Jayaque', 4),
(136, 'Jicalapa', 4),
(137, 'La Libertad', 4),
(138, 'Santa Tecla', 4),
(139, 'Nuevo Cuscatlán', 4),
(140, 'San Juan Opico', 4),
(141, 'Quezaltepeque', 4),
(142, 'Sacacoyo', 4),
(143, 'San José Villanueva', 4),
(144, 'San Matías', 4),
(145, 'San Pablo Tacachico', 4),
(146, 'Talnique', 4),
(147, 'Tamanique', 4),
(148, 'Teotepeque', 4),
(149, 'Tepecoyo', 4),
(150, 'Zaragoza', 4),
(151, 'Agua Caliente', 5),
(152, 'Arcatao', 5),
(153, 'Azacualpa', 5),
(154, 'Cancasque', 5),
(155, 'Chalatenango', 5),
(156, 'Citalá', 5),
(157, 'Comapala', 5),
(158, 'Concepción Quezaltepeque', 5),
(159, 'Dulce Nombre de María', 5),
(160, 'El Carrizal', 5),
(161, 'El Paraíso', 5),
(162, 'La Laguna', 5),
(163, 'La Palma', 5),
(164, 'La Reina', 5),
(165, 'Las Vueltas', 5),
(166, 'Nueva Concepción', 5),
(167, 'Nueva Trinidad', 5),
(168, 'Nombre de Jesús', 5),
(169, 'Ojos de Agua', 5),
(170, 'Potonico', 5),
(171, 'San Antonio de la Cruz', 5),
(172, 'San Antonio Los Ranchos', 5),
(173, 'San Fernando (Chalatenango)', 5),
(174, 'San Francisco Lempa', 5),
(175, 'San Francisco Morazán', 5),
(176, 'San Ignacio', 5),
(177, 'San Isidro Labrador', 5),
(178, 'Las Flores', 5),
(179, 'San Luis del Carmen', 5),
(180, 'San Miguel de Mercedes', 5),
(181, 'San Rafael', 5),
(182, 'Santa Rita', 5),
(183, 'Tejutla', 5),
(184, 'Cojutepeque', 7),
(185, 'Candelaria', 7),
(186, 'El Carmen (Cuscatlán)', 7),
(187, 'El Rosario (Cuscatlán)', 7),
(188, 'Monte San Juan', 7),
(189, 'Oratorio de Concepción', 7),
(190, 'San Bartolomé Perulapía', 7),
(191, 'San Cristóbal', 7),
(192, 'San José Guayabal', 7),
(193, 'San Pedro Perulapán', 7),
(194, 'San Rafael Cedros', 7),
(195, 'San Ramón', 7),
(196, 'Santa Cruz Analquito', 7),
(197, 'Santa Cruz Michapa', 7),
(198, 'Suchitoto', 7),
(199, 'Tenancingo', 7),
(200, 'Aguilares', 6),
(201, 'Apopa', 6),
(202, 'Ayutuxtepeque', 6),
(203, 'Cuscatancingo', 6),
(204, 'Ciudad Delgado', 6),
(205, 'El Paisnal', 6),
(206, 'Guazapa', 6),
(207, 'Ilopango', 6),
(208, 'Mejicanos', 6),
(209, 'Nejapa', 6),
(210, 'Panchimalco', 6),
(211, 'Rosario de Mora', 6),
(212, 'San Marcos', 6),
(213, 'San Martín', 6),
(214, 'San Salvador', 6),
(215, 'Santiago Texacuangos', 6),
(216, 'Santo Tomás', 6),
(217, 'Soyapango', 6),
(218, 'Tonacatepeque', 6),
(219, 'Zacatecoluca', 8),
(220, 'Cuyultitán', 8),
(221, 'El Rosario (La Paz)', 8),
(222, 'Jerusalén', 8),
(223, 'Mercedes La Ceiba', 8),
(224, 'Olocuilta', 8),
(225, 'Paraíso de Osorio', 8),
(226, 'San Antonio Masahuat', 8),
(227, 'San Emigdio', 8),
(228, 'San Francisco Chinameca', 8),
(229, 'San Pedro Masahuat', 8),
(230, 'San Juan Nonualco', 8),
(231, 'San Juan Talpa', 8),
(232, 'San Juan Tepezontes', 8),
(233, 'San Luis La Herradura', 8),
(234, 'San Luis Talpa', 8),
(235, 'San Miguel Tepezontes', 8),
(236, 'San Pedro Nonualco', 8),
(237, 'San Rafael Obrajuelo', 8),
(238, 'Santa María Ostuma', 8),
(239, 'Santiago Nonualco', 8),
(240, 'Tapalhuaca', 8),
(241, 'Cinquera', 9),
(242, 'Dolores', 9),
(243, 'Guacotecti', 9),
(244, 'Ilobasco', 9),
(245, 'Jutiapa', 9),
(246, 'San Isidro (Cabañas)', 9),
(247, 'Sensuntepeque', 9),
(248, 'Tejutepeque', 9),
(249, 'Victoria', 9),
(250, 'Apastepeque', 10),
(251, 'Guadalupe', 10),
(252, 'San Cayetano Istepeque', 10),
(253, 'San Esteban Catarina', 10),
(254, 'San Ildefonso', 10),
(255, 'San Lorenzo', 10),
(256, 'San Sebastián', 10),
(257, 'San Vicente', 10),
(258, 'Santa Clara', 10),
(259, 'Santo Domingo', 10),
(260, 'Tecoluca', 10),
(261, 'Tepetitán', 10),
(262, 'Verapaz', 10);

insert into tipo_diagnostico (id_tipo_diagnostico, tipo_diagnostico) values
(1, 'Ciertas enfermedades infecciosas y parasitarias'),
(2, 'Neoplasias '),
(3, 'Enfermedades de la sangre y órganos hematopoyéticos y trastornos que afectan al mecanismo inmunológico'),
(4, 'Enfermedades endocrinas, nutricionales y metabólicas'),
(5, 'Trastornos mentales y de comportamiento'),
(6, 'Enfermedades del sistema nervioso'),
(7, 'Enfermedades del ojo y sus anexos'),
(8, 'Enfermedades del oído'),
(9, 'Enfermedades del aparato circulatorio'),
(10, 'Enfermedades del aparato respiratorio'),
(11, 'Enfermedades del aparato digestivo'),
(12, 'Enfermedades de la piel y del tejido subcutáneo'),
(13, 'Enfermedades del aparato musculoesquelético y del tejido conectivo'),
(14, 'Embarazo, parto y puerperio '),
(15, 'Ciertas afecciones originadas en el período perinatal'),
(16, 'Malformaciones congénitas, deformidades y anomalías cromosómicas'),
(17, 'Síntomas, signos y resultados anormales de pruebas complementarias, no clasificados bajo otro concepto'),
(18, 'Lesiones, envenenamientos y otras consecuencias de causas externas'),
(19, 'Causas externas de morbilidad'),
(20, 'Factores que influyen en el estado de salud y contacto con los servicios sanitarios');

INSERT INTO tipo_tratamiento (id_tipo_tratamiento, tipo_tratamiento) VALUES
	(1, 'Cirugía'),
	(2, 'Dietoterapia'),
	(3, 'Farmacoterapia'),
	(4, 'Fisioterapia'),
	(5, 'Hidroterapia'),
	(6, 'Logopedia'),
	(7, 'Ortopedia'),
	(8, 'Prótesis'),
	(9, 'Psicoterapia'),
	(10, 'Quimioterapia'),
	(11, 'Radioterapia'),
	(12, 'Rehabilitación'),
	(13, 'Reposo'),
	(14, 'Sueroterapia'),
	(15, 'Terapia de quelación'),
	(16, 'Terapia ocupacional');

INSERT INTO tipo_centro_medico (id_tipo_centro_medico, tipo_centro_medico) VALUES 
(1, 'Centro de atención psiquiátrica'),
(2, 'Centro de cuidados ambulatorios'),
(3, 'Consultorio médico'),
(4, 'Hospital');

insert into tipo_examen (id_tipo_examen, nombre_tipo_examen) values
(1, 'Examen físico'),
(2, 'Examen químico');

insert into tipo_medicamento (id_tipo_medicamento, tipo_medicamento) values
(1, 'Analgésico'),
(2, 'Antibiótico'),
(3, 'Vacina'),
(4, 'Antiséptico'),
(5, 'Antiinflamatorio'),
(6, 'Antihistamínico'),
(7, 'Anestésico'),
(8, 'Antidepresivo'),
(9, 'Diurético'),
(10, 'Laxante'),
(11, 'Broncodilatador'),
(12, 'Antipirético'),
(13, 'Antifúngico');

INSERT INTO tipo_personal (id_tipo_personal, cargo, area) VALUES
	(1, 'Director', 'Administrativo'),
	(2, 'Médico', 'Salud'),
	(3, 'Enfermera', 'Salud'),
	(4, 'Laboratorista', 'Salud'),
	(5, 'Anestesiólogo', 'Salud');

INSERT INTO tratamientos_medicos (codigo_tratamiento, id_tipo_tratamiento, nombre_tratamiento, descripcion_tratamiento, costo_tratamiento) VALUES
	('CG1E1', 1, 'Extirpación de tumor en la cabeza', 'Extracción del tumor, reconstrucción del defecto.', 10000.00),
	('CG1C1', 1, 'Colecistectomía abierta', 'La vesicula biliar es extirpada a través de una incisión en el costado derecho de la caja toráxica.', 1200.00),
	('DT2D1', 2, 'Dieta controlada en lípidos', 'Restricción del consumo de hidratos de carbono.', 45.00),
	('DT2D2', 2, 'Dieta controlada en proteínas', 'Normocalórica. Cubrir aumentando lo necesario HC y grasas', 45.00),
	('FM3TR', 3, 'Terapia restaurativa', 'No guarda relación con la enfermedad original y se emplea frecuentemente durante el periodo de convalecencia.', 70.65),
	('FM3TC', 3, 'Terapia curativa', 'El tratamiento se drige a la erradicación de uno o más de los agentes etiológicos o causantes de la enfermedad', 95.00),
	('FT4O1', 4, 'Osteopatía', 'Tratar las disfunciones, la hipermovilidad o hipomovilidad que se puedan encontrar en la columna vertebral', 50.00),
	('FT4N1', 4, 'Neurodinamia', 'Tratamiento de los nervios que recorren el cuerpo como si fueran cables, atravesando numerosas estructuras donde pueden quedar atrapados generando una sintomatología típica de dolor neuropático', 48.00),
	('HT5E1', 5, 'Esguinces', 'Ejercicios en agua mejoran la recuperación del esguince del tobillo y reducen el tiempo de retorno a las competiciones.', 60.00),
	('HT5C1', 5, 'Ciática', 'Con este tratamiento se promueve la disminución de la rigidez muscular, el dolor,  el aumento de la circulación, movimiento articular, fortalecimiento de músculos débiles y se produce una sensación de bienestar general.', 75.00),
	('LP6A1', 6, 'Afasia', 'Terapia del habla y del lenguaje intenta mejorar la capacidad de comunicación al recuperar la mayor parte del lenguaje posible.', 65.00),
	('LP6D1', 6, 'Disfagia', 'Ejercicios de aprendizaje, mostrar diferentes maneras de colocar los alimentos en la boca y posicionar el cuello y la cabeza para que sea fácil tragar', 45.00),
	('OT7F1', 7, 'Fracturas', 'Reducción, que debe completa, o suficiente para que exista una correcta alineación de los fragmentos, inmovilización para permitir la consolidación, recuperación de la función', 100.00),
	('OT7A1', 7, 'Artritis', 'Férulas de reposo para mano, soportes de muñeca, férulas para dedos y calzado y prótesis de calzado especiales.', 150.00),
	('PT8P1', 8, 'Prótesis removible', 'Procedimiento clínico dirigido a restituir dientes ausentes mediante unos aparatos o productos sanitarios a medida, no fijos', 80.00),
	('PT8P2', 8, 'Prótesis fija', 'Procedimiento clínico dirigido a restituir dientes ausentes mediante una aparatología fija, unida permanentemente a algún/-os dientes naturales', 150.00),
	('PS9H1', 9, 'Hipnosis', 'Tratamiento para el insomnio, la enuresis nocturna, el tabaquismo y el consumo excesivo de alimentos.', 55.00),
	('PS9L1', 9, 'Logoterapía', 'Tiene como objetivo la búsqueda del sentido de la vida de la propia persona.', 45.50),
	('QT10Q1', 10, 'Quimioterapia', 'Tratamiento del cáncer que usa fármacos para destruir células cancerosas.', 65.00),
	('RT11C1', 11, 'Cáncer', 'Tratamiento que usa altas dosis de radiación para destruir células cancerosas y reducir tumores.', 125.00),
	('RH12O1', 12, 'Rehabilitación ortópedica', 'Optimizar el proceso de curación de la lesión, disminuir el dolor, restaurar la movilidad.', 45.50),
	('RH12P1', 12, 'Rehabilitación pulmonar', 'El trtamiento consiste en realizar técnicas de respiración, técnicas para evitar cansarse, educación sobre cómo controlar la enfermedad.', 60.00),
	('RP13R1', 13, 'Reposo Laboral', 'El reposo laboral es una herramienta terapéutica que se emplea ocasionalmente como parte inicial de un tratamiento médico', 15.00),
	('ST14S1', 14, 'Sueroterapia Biológica', 'Tratamiento consistente en la administración de sueros específicos que favorecen la autocuración del organismo a partir de una selección de vitaminas', 73.00),
	('TQ15C1', 15, 'Cardiopatías', 'Se administra ácido etilendiaminotetraacético disódico a través de una serie de tratamientos intravenosos semanales, cada uno de los cuales dura aproximadamente 30 minutos.', 60.00),
	('TQ15A1', 15, 'Accidentes cerebrovasculares', 'Se administra ácido etilendiaminotetraacético disódico a través de una serie de tratamientos intravenosos semanales, cada uno de los cuales dura aproximadamente 30 minutos.', 60.00),
	('TO16O1', 16, 'Oncología', 'La terapia ocupacional en oncología ayuda a enfrentar las secuelas físicas y cognitivas que deja la enfermedad, además de los efectos emocionales por la pérdida de rutinas y hábitos', 200.00),
	('TO16G1', 16, 'Geriatría', 'La terapia ocupacional se enfoca en tratamientos donde el paciente geriátrico se involucra activamente en las actividades que le parecen significativas para su bienestar y en las cuales puede tener independencia', 175.00);

INSERT INTO medicamentos  (codigo_medicamento, id_tipo_medicamento, nombre_medicamento, descripcion_medicamento, via_administracion, presentacion_medicamento, costo_medicamento, existencia_medicamento) VALUES
	('A1A1', 1, 'Acetaminofén', 'Analgésico y antipirético. Bloquea la generación del impulso doloroso a nivel periférico.', 'Vía oral', 'Tabletas', 2.67, 'En existencia'),
	('A1A2', 1, 'Aspirina', 'Reduce el dolor, la fiebre, la inflamación y la coagulación de la sangre. Tipo de antiinflamatorio no esteroide.', 'Vía oral', 'Tabletas', 5.62, 'En existencia'),
	('A1C1', 1, 'Codeína', 'Alcaloide que se encuentra de forma natural en el opio. Se utiliza con fines médicos como analgésico, sedante y antitusígeno.', 'Vía oral', 'Tabletas', 17.46, 'Agotado'),
	('A1M1', 1, 'Morfina', 'Sustancia controlada, opiácea agonista utilizada en premedicación, anestesia, analgesia, tratamiento del dolor asociado a la isquemia miocárdica', 'Vía intramuscular.', 'Ampolla', 42.78, 'En existencia'),
	('A2A1', 2, 'Amoxicilina', 'Penicilina semisintética, sensible a la penicilinasa de amplio espectro, es bactericida y actúa inhibiendo la biosíntesis del mucopéptido de la pared celular bacteriana.', 'Vía intravenosa', 'Ampolla', 5.81, 'Agotado'),
	('A2P1', 2, 'Penicilina', 'Antibiótico del grupo de los betalactámicos empleados profusamente en el tratamiento de infecciones provocadas por bacterias sensibles.', 'Vía intramuscular', 'Ampolla', 6.45, 'En existencia'),
	('A2T1', 2, 'Tetraciclina', 'Se usa para tratar las infecciones causadas por bacterias incluidas la neumonía y otras infecciones del tracto respiratorio', 'Vía oral', 'Tabletas', 9.41, 'Agotado'),	
	('V3A1', 3, 'Antidiftérica', 'Productor de toxina e inactivado con formol (asociado siempre con toxoide tetánico', 'Vía intramuscular', 'Ampolla', 17.38, 'En existencia'),
	('V3A2', 3, 'Antitetánica', 'Vacuna inactivada y contiene la toxina que fabrica la bacteria, pero desprovista totalmente de su toxicidad', 'Vía intramuscular', 'Ampolla', 25.72, 'En existencia'),
	('V3A3', 3, 'Antipoliomielítica', 'Vacuna preventiva que induce inmunidad activa y específica contra la Poliomielitis.', 'Vía subcutánea', 'Ampolla', 15.84, 'Agotado'),
	('A4T1', 4, 'Tintura de yodo', 'De uso general en pequeñas heridas o superficiales y en la desinfección de la piel antes de punción venosa', 'Vía tópica', 'Solución', 5.30, 'En existencia'),
	('A4A1', 4, 'Agua oxigenada', 'Solución de peróxido de hidrógeno en agua. Este compuesto es bastante oxidante y capaz de destruir componentes de las células.', 'Vía tópica', 'Solución', 6.77, 'En existencia'),
	('A4A2', 4, 'Alcohol etílico', 'Es un líquido transparente con olor característico. Es una materia prima importante para síntesis.', 'Vía tópica', 'Solución', 3.0, 'Agotado'),
	('A5D1', 5, 'Diclofenac de sodio', 'Se usa para tratar los síntomas de la artritis reumatoide. Bloquea las sustancias que causan inflamación y dolor.', 'Vía oral', 'Tabletas', 1.59, 'En existencia'),
	('A5I1', 5, 'Ibuprofeno', 'Se usa para tratar la fiebre, la hinchazón, el dolor y el enrojecimiento al impedir que el cuerpo elabore sustancias que causan inflamación.', 'Vía oral', 'Tabletas', 2.00, 'En existencia'),
	('A5M1', 5, 'Meloxicam', 'Funciona al detener la producción del cuerpo de una sustancia que causa dolor, fiebree inflamación.', 'Vía oral', 'Tabletas', 2.54, 'Agotado'),
	('A6C1', 6, 'Clorfeniramina', 'Se usa para aliviar el enrojecimiento, la picazón y el lagrimeo de ojos; los estornudos; la irritación de nariz o garganta; la secreción nasal ocasionados por las alergias y el resfriado común.', 'Vía oral', 'Tabletas', 3.88, 'En existencia'),
	('A6C2', 6, 'Cetirizina', 'Fármaco utilizado para el tratamiento de la alergia. Es un antihistamínico considerado de segunda generación por no provocar somnolencia.', 'Vía oral', 'Solución', 3.12, 'Agotado'),
	('A6L1', 6, 'Loratadina', 'Usado para tratar alergias.​ A veces se combina con pseudoefedrina, un descongestionante, útil para resfriados, así como alergias.', 'Vía oral', 'Tabletas', 2.91, 'En existencia'),
	('A7P1', 7, 'Procaína', 'Anestésico local de corta duración del tipo éster utilizado para la anestesia local y regional.', 'Vía subcutánea', 'Ampolla', 27.36, 'En existencia'),
	('A7T1', 7, 'Tetracaína', 'Anestésico local tipo éster. Actúa inhibiendo la propagación de los potenciales de acción en las fibras nerviosas al bloquear la entrada de sodio en la membrana neuronal', 'Vía oftálmica', 'Gel', 12.54, 'En existencia'),
	('A7L1', 7, 'Lidocaína', 'Sustancia que se usa para aliviar el dolor al bloquear las señales de las terminaciones nerviosas de la piel.', 'Vía intramuscular', 'Ampolla', 10.68, 'Agotado'),
	('A8R1', 8, 'Risperidona', 'Se usa para tratar ciertos trastornos mentales, como esquizofrenia y enfermedad bipolar.', 'Vía oral', 'Tabletas', 28.50, 'Agotado'),
	('A8P1', 8, 'Paroxetine', 'Fármaco antidepresivo inhibidor selectivo de la recaptación de serotonina (ISRS) en las terminaciones nerviosas', 'Vía oral', 'Tabletas', 12.18, 'En existencia'),
	('A8C1', 8, 'Clonidine', 'Trata la presión arterial alta al disminuir la frecuencia cardíaca y relajar los vasos sanguíneos para que la sangre pueda fluir más fácilmente a través del cuerpo.', 'Vía oral', 'Tabletas', 32.15, 'En existencia'),
	('D9C1', 9, 'Clorotiazida', 'Diurético antihipertensivo del grupo de las tiazidas. También se indica para el edema asociado a la insuficiencia cardíaca congestiva.', 'Vía oral', 'Solución', 15.85, 'En existencia'),
	('D9H1', 9, 'Hidroclorotiazida', 'Funciona provocando la eliminación por el riñón, a través de la orina, del agua y de sal innecesarias en el cuerpo.', 'Vía oral', 'Tabletas', 10.79, 'Agotado'),
	('D9M1', 9, 'Metolazona', 'Se utiliza en el tratamiento del edema en la insuficiencia cardíaca congestiva, o de problemas del riñón como el síndrome nefrótico.', 'Vía oral', 'Tabletas', 7.83, 'En existencia'),
	('D9F1', 9, 'Furosemida', 'Diurético de asa utilizado en el tratamiento de la insuficiencia cardíaca congestiva, hipertensión y edemas.', 'Vía intravenosa', 'Ampolla', 3.67, 'Agotado'),
	('L10P1', 10, 'Pursenid', 'Indicado para el tratamiento sintomático del estreñimiento ocasional, en adultos y adolescentes mayores de 12 años.', 'Vía oral', 'Tabletas', 2.15, 'En existencia'),
	('L10Z1', 10, 'Zeninas', 'Laxante de tipo estimulante que aumenta el movimiento del intestino. Se utiliza para el tratamiento sintomático y temporal del estreñimiento ocasional', 'Vía oral', 'Píldora', 1.25, 'En existencia'),
	('L10A1', 10, 'Agiolax', 'Regulador intestinal, aumentando el volumen de las heces y estimulando la evacuación.', 'Vía oral', 'Píldora', 2.15, 'En existencia'),
	('B11M1', 11, 'Mometasona', 'Corticosteroide sintético de potencia media con propiedades anti-inflamatorias, antipruríticas y vasoconstrictoras.', 'Vía nasal', 'Spray', 14.34, 'En existencia'),
	('B11B1', 11, 'Beclometasona', 'Glucocorticoide sintético halogenado activo por inhalación, que se utiliza para el tratamiento del asma que responde a los glucocorticoides y para aliviar los síntomas asociados a la rinitis alérgica y no alérgica.', 'Vía oral', 'Tabletas', 5.17, 'Agotado'),
	('B11F1', 11, 'Fluticasona', 'Se utiliza tópicamente para aliviar las manifestaciones pruríticas e inflamatorias de algunas dermatosis y psoriasis.', 'Vía oral', 'Tabletas', 7.43, 'Agotado'),
	('A12D1', 12, 'Dipirona', 'nalgésico y antipirético del grupo de las pirazolonas; se considera un derivado soluble de la aminopirina', 'Vía oral', 'Tabletas', 10.25, 'Agotado'),
	('A12P1', 12, 'Paracetamol', 'nalgésico y antipirético eficaz para el control del dolor leve o moderado causado por afecciones articulares, otalgias, cefaleas, dolor odontogénico, etc.', 'Vía oral', 'Tabletas', 2.78, 'En existencia'),
	('A12I1', 12, 'Ibuprofeno', 'Se usa para tratar la fiebre, la hinchazón, el dolor y el enrojecimiento al impedir que el cuerpo elabore sustancias que causan inflamación.', 'Vía oral', 'Tabletas', 1.54, 'En existencia'),
	('A13F1', 13, 'Fluconazol', 'Su espectro de actividad es mayor que el de otros antifúngicos imidazólicos incluyendo el miconazol, el ketoconacol o el clotrimazol.', 'Vía oral', 'Tabletas', 5.19, 'En existencia'),
	('A13C1', 13, 'Ciclopirox', 'Antimicótico de amplio espectro, activo frente a dermatofitos (Trichophyton, Microsporum canis.', 'Vía tópica', 'Barra', 8.29, 'En existencia'),
	('A13N1', 13, 'Natamicina', 'Antibiótico aislado de Streptomyces natalensis que se utiliza principalmente en el tratamiento de las micosis oculares.', 'Vía intravenosa', 'Ampolla', 12.35, 'Agotado');

INSERT INTO diagnosticos (codigo_diagnostico, id_tipo_diagnostico, nombre_diagnostico, descripcion_diagnostico) VALUES
	('A00', 1, 'Cólera', 'Se confirma con el aislamiento del V. cholerae en coprocultivo desde las deposiciones o por muestra obtenida por hisopado rectal o análisis de muestras de heces'),
	('A01', 1, 'Fiebres tifoidea y paratifoidea', 'Se confirma identificando a la Salmonella typhi en un cultivo de sangre u otro líquido o tejido corporal'),
	('A06', 1, 'Amebiasis', 'Análisis de muestras de heces, serología, detección de anticuerpos en muestra de sangre'),
	('A09', 1, 'Diarrea y gastroenteritis de presunto origen infeccioso', 'Revisión de los sintomas del paciente, cultivo de las heces para conocer el germen causante'),
	('A17', 1, 'Tuberculosis del sistema nervioso', 'TAC de cráneo o resonancia magnética'),
	('A19', 1, 'Tuberculosis miliar', 'Muestra de sangre, orina, radiografía de tórax'),
	('A20', 1, 'Peste', 'Muestras de pus de un bubón, de sangre o de esputo'),
	('A27', 1, 'Leptospirosis', 'Identificación de fiebre súbita, escalofríos, inyección conjuntival, dolor de cabeza. Realizción de la prueba MAT'),
	('A30', 1, 'Lepra', 'Máculas hipopigmentadas o eritematosas con disminución de la sensibilidad, engrosamiento de los nervios periféricos y la demostración de bacilos ácido alcohol resistentes en una baciloscopia o biopsia de piel'),
	('A33', 1, 'Tétanos neonatal', 'Síntomas incluyen espasmos musculares,  incapacidad del recién nacido para succionar o amamantar, llanto excesivo, no requiere confirmación del laboratorio'),
	('A34', 1, 'Tétanos obstétrico', 'Espasmos y rigidez muscular repentina e inexplicable'),
	('A36', 1, 'Difteria', 'Dolor de garganta, amígdalas y garganta recubiertas por membrana gris, cultivo de laboratorio de materialextraído de la membrana de la garganta'),
	('A37', 1, 'Tos ferina', 'Historial de los signos y sintomas típicos, examen físico, toma de muestra de mucosidad, examen de sangre'),
	('A42', 1, 'Actinomicosis', 'Se confirma por la identificación de A. isaraelli mediante microscopia y cultivo del esputo'),
	('A46', 1, 'Erisipela', 'Aspecto de las lesiones, hemocultivo con aspecto tóxico'),
	('A50', 1, 'Sífilis congénita', 'Visualización microscópica de espiroquetas en muestras del recién nacido o de la placenta'),
	('A51', 1, 'Sífilis precoz', 'Análisis de sangre, para confirmar la presencia de anticuerpos'),
	('A52', 1, 'Sífilis tardía', 'Identificación del T. pallidum mediante el examen directo del exudado de la lesión -campo obscuro y/o fluorescencia directa'),
	('A57', 1, 'Chancro blando', 'Obtención de una muestra de la lesión con una torunda'),
	('A65', 1, 'Sífilis no venérea', 'Presencia de pruebas reagínicas y treponémicas positivas pero sin signos ni síntomas de sífilis activa'),
	('A68', 1, 'Fiebres recurrentes', 'Diario de fiebre y síntomas variación o repetición de síntomas entre los episodios y la periodicidad de los mismos'),
	('A71', 1, 'Tracoma', 'Exploración física y envio de muestra de bacterias de los ojos al laboratorio para analizarla'),
	('A77', 1, 'Fiebre maculosa', 'Muestra de sangre, un espécimen de la erupción o el mismo agente infeccioso en búsqueda de evidencias del microorganismo que causa la infección'),
	('A78', 1, 'Fiebre Q', 'Análisis de sangre junto con pruebas adicionales'),
	('A80', 1, 'Poliomielitis aguda', 'Síntomas, rigidez en la espalda y el cuello, los reflejos anormales y la dificultad para tragar y respirar, muestra de secreciones de la garganta'),
	('A82', 1, 'Rabia', 'Tratamiento para evitar que el virus infecte el organismo'),
	('A87', 1, 'Meningitis viral', 'Análisis del líquido cefalorraquídeo obtenido por punción lumbar'),
	('A90', 1, 'Fiebre del dengue', 'Muestra sanguínea en la fase aguda'),
	('A91', 1, 'Fiebre del dengue hemorrágico', 'Muestra sanguínea en la fase aguda'),
	('A95', 1, 'Fiebre amarilla', 'Obtener una muestra de sangre para analizarla'),
	('B01', 1, 'Varicela', 'Erupción cutánea, confirmación con las pruebas de laboratorio'),
	('B02', 1, 'Herpes zoster', 'Antecedentes de dolor en un costado del cuerpo, junto con una erupción cutánea y las ampollas características'),
	('B03', 1, 'Viruela', 'Análisis utilizando una muestra de tejido de una de las lesiones de la piel'),
	('B05', 1, 'Sarampión', 'Erupción cutánea característica de la enfermedad, puntos blanco azulados con fondo rojo intenso'),
	('B06', 1, 'Rubéola', 'Cultivo de virus y análisis de sangre, que pueden detectar la presencia de distintos tipos de anticuerpos contra la rubéola'),
	('B15', 1, 'Hepatitis aguda tipo A', 'Los análisis de sangre se utilizan para detectar signos del virus de la hepatitis A en el cuerpo'),
	('B16', 1, 'Hepatitis aguda tipo B', 'Signos de daño hepático, como piel amarillenta o dolor abdominal'),
	('B30', 1, 'Conjuntivitis viral', 'Conocer síntomas y antecedentes médicos recientes.'),
	('B37', 1, 'Candidiasis', 'Examen pélvico, análisis de secreciones vaginales'),
	('B39', 1, 'Histoplasmosis', 'Muestras de secreciones pulmonares, sangre, biopsia de tejido pulmonar'),
	('B49', 1, 'Micosis', 'Examen directo de las escamas cutáneas o pelos'),
	('B50', 1, 'Paludismo [malaria] debido a Plasmodium falciparum', 'Visualización de Plasmodium en un frotis de sangre periférica y en pruebas de diagnóstico rápidas'),
	('B57', 1, 'Enfermedad de Chagas', 'Exploración física, preguntas sobre los síntomas, análisis de sangre que pueden confirmar la presencia del parásito o de las proteínas que crea el sistema inmunitario'),
	('B65', 1, 'Esquistosomiasis', 'Detección de huevos del parásito en muestras de heces u orina'),
	('B68', 1, 'Teniasis', 'Analizar las heces y enviar las muestras a un laboratorio para someterlas a análisis'),
	('B86', 1, 'Escabiosis', 'Examinar la piel en busca de signos de ácaros, incluidas las madrigueras características'),
	('B87', 1, 'Miasis', 'Se identifican las larvas a traves de exámenes de laboratorio'),
	('B95', 1, 'Estreptococos y estafilococos', 'Aanalisis en detalle de las lesiones cutáneas,ecocardiograma para comprobar si la infección ha afectado el corazón '),
	('C00', 2, 'Tumor maligno del labio', 'Exploración física, extracción de una muestra de tejido para análisis'),
	('C01', 2, 'Tumor maligno de la base de la lengua', 'Comienza en las células escamosas, planas y delgadas que revisten la superficie de la lengua'),
	('C09', 2, 'Tumor maligno de la amígdala', 'Es el crecimiento anormal de las células que se forma en las amígdalas. puede causar dificultad al tragar y una sensación de que queda algo en la garganta'),
	('C15', 2, 'Tumor maligno del esófago', 'Estudio de la deglución con bario, endoscopia'),
	('C16', 2, 'Tumor maligno del estómago', 'Endoscopia superior,biopsia'),
	('C17', 2, 'Tumor maligno del intestino delgado', 'Tipo de cáncer poco común que ocurre en el intestino delgado'),
	('C18', 2, 'Tumor maligno del colon', 'Suele afectar a los adultos mayores, aunque puede ocurrir a cualquier edad. Por lo general, comienza como grupos pequeños y no cancerosos'),
	('C20', 2, 'Tumor maligno del recto', 'Examen de detección de cáncer colorrectal, colonoscopia'),
	('C23', 2, 'Tumor maligno de la vesícula biliar', 'Las vesículas biliares que se extirpan por dichas razones siempre se examinan al microscopio para saber si contienen células cancerosas'),
	('C25', 2, 'Tumor maligno del páncreas', 'Pruebas de imágenes que crean imágenes de los órganos internos, endoscopia'),
	('C34', 2, 'Tumor maligno de los bronquios y del pulmón', 'Exámenes de detección anuales de cáncer de pulmón con dosis bajas de tomografía computarizada'),
	('C43', 2, 'Melanoma maligno de la piel', 'Preguntas sobre el historial médico y examen de la piel para buscar signos que puedan indicar la presencia de un melanoma, biopsia'),
	('C48', 2, 'Tumor maligno del peritoneo y del retroperitoneo', 'Pruebas complementarias realizadas y datos quirúrgicos como el tipo de incisión practicada, necesidad de extirpación de órganos vecinos'),
	('C50', 2, 'Tumor maligno de la mama', 'Ultrasonido mamario, mamografía de diagnóstico, biopsia'),
	('C53', 2, 'Tumor maligno del cuello del útero', 'Prueba de VPH al mismo tiempo que la prueba de Papanicolaou o después de que los resultados de la prueba de Papanicolaou muestren cambios anormales en el cuello uterino'),
	('C56', 2, 'Tumor maligno del ovario', 'Examen pélvico, pruebas de diagnóstico porimágenes, análisis de sangre'),
	('C61', 2, 'Tumor maligno de la próstata', 'Examen rectal digital o tacto rectal, ecografía, resonancia magnética'),
	('C62', 2, 'Tumor maligno del testículo', 'Bulto durante una exploración física de rutina'),
	('C67', 2, 'Tumor maligno de la vejiga urinaria', 'Cistoscopia, biopsia, citología de orina'),
	('C69', 2, 'Tumor maligno del ojo y sus anexos', 'Exploración clínica, en ocasiones se hace necesaria la toma de una biopsia'),
	('C73', 2, 'Tumor maligno de la glándula tiroides', 'Examen físico, análisis de sangre, imágenes por ecografía'),
	('C81', 2, 'Enfermedad de Hodgkin', 'Células de Reed-Sternberg anormales dentro del ganglio linfático'),
	('D50', 3, 'Anemias por deficiencia de hierro', 'Tamaño y color de los glóbulos rojos. Con la anemia por deficiencia de hierro, los glóbulos rojos son más pequeños y de color más pálido de lo normal'),
	('D62', 3, 'Anemia posthemorrágica aguda', 'Condición que se desarrolla cuando se pierde una gran cantidad de sangre rápidamente'),
	('D65', 3, 'Coagulación intravascular diseminada', 'Se basa preferentemente en el cuadro clínico, considerando la historia clínica y los factores desencadenantes, complementado con las alteraciones en pruebas específicas de laboratorio'),
	('D70', 3, 'Agranulocitosis', 'Se produce cuando el recuento de granulocitos sanguíneos es bajo y disminuye la capacidad del cuerpo de combatir los gérmenes, y con ello, las infecciones'),
	('D73', 3, 'Enfermedades del bazo', 'Se detecta durante un examen físico. Se puede palpar al examinar el área superior izquierda del abdomen'),
	('D81', 3, 'Inmunodeficiencias combinadas', 'Antecedentes de infecciones persistentes u otras manifestaciones características. Se realiza un hemograma completo, incluyendo recuento absoluto y diferencial de leucocitos; se miden concentraciones de inmunoglobulinas'),
	('D86', 3, 'Sarcoidosis', 'Compromiso pulmonar y se confirma por la radiografía de tórax, la biopsia y la exclusión de otras causas de inflamación granulomatosa'),
	('E00', 4, 'Síndrome congénito de deficiencia de yodo', 'No existen pruebas para confirmar si usted tiene suficiente yodo el cuerpo'),
	('E06', 4, 'Tiroiditis', 'Presencia de la tiroides inflamada'),
	('E10', 4, 'Diabetes mellitus insulinodependiente', 'Prueba de hemoglobina glicosilada (A1C). Este análisis de sangre indica el nivel promedio de azúcar en la sangre de los últimos dos o tres meses'),
	('E24', 4, 'Síndrome de Cushing', 'Redondez de la cara, una almohadilla de tejido adiposo entre los hombros y el cuello, y piel delgada, con hematomas y estrías gravídicas'),
	('E26', 4, 'Hiperaldosteronismo', 'Examen para medir los niveles de aldosterona y renina en sangre'),
	('E28', 4, 'Disfunción ovárica', 'Períodos irregulares o problemas para concebir'),
	('E29', 4, 'Disfunción testicular', 'Se presenta cuando los testículos no pueden producir espermatozoides u hormonas masculinas, como la testosterona'),
	('E30', 4, 'Trastornos de la pubertad', 'Revisión de la historia clínica del niño y de su familia, examen físico, análisis de sangre para medir los niveles hormonales'),
	('E40', 4, 'Kwashiorkor', 'Hígado agrandado e inflamación (edema),  pruebas para medir los niveles de proteína y glucosa en la sangre del paciente'),
	('E43', 4, 'Desnutrición proteicocalórica severa no especificada', 'Se puede basar en la anamnesis cuando la ingesta de la dieta es notablemente inadecuada'),
	('E50', 4, 'Deficiencia de vitamina A', 'Ceguera nocturna, realizar exploraciones oculares'),
	('E51', 4, 'Deficiencia de tiamina', 'Respuesta favorable al tratamiento con tiamina en un paciente con signos o síntomas de deficiencia'),
	('E54', 4, 'Deficiencia de ácido ascórbico', 'Deficiencia de vitamina C suele ser clínico en un paciente con signos cutáneos o gingivales y con riesgo de deficiencia de vitamina C. Puede realizarse una confirmación con pruebas de laboratorio'),
	('E55', 4, 'Deficiencia de vitamina D', 'Aspecto característico de los huesos en las radiografías y en una concentración baja de vitamina D en la sangre'),
	('E60', 4, 'Deficiencia dietética de zinc', 'Muestras de zinc en granulocitos y linfocitos'),
	('E66', 4, 'Obesidad', 'Detalle de los antecedentes médicos, examen físico general, calculo del IMC'),
	('E73', 4, 'Intolerancia a la lactosa', 'Reducción de la cantidad de alimentos lácteos en la dieta, estudio de hidrógeno en aliento, prueba de tolerancia a la lactosa'),
	('E84', 4, 'Fibrosis quística', 'Extracción de una muestra de sangre para pruebas genéticas o la realización de una prueba del sudor'),
	('F00', 5, 'Demencia en la enfermedad de Alzheimer', 'Pruebas para evaluar el deterioro de la memoria y otras habilidades de razonamiento, determinar las capacidades funcionales e identificar cambios en la conducta'),
	('F07', 5, 'Trastornos de la personalidad y del comportamiento debidos a enfermedad, lesión o disfunción cerebral', 'Trastorno residual o concomitante a una enfermedad, lesión o disfunción cerebral'),
	('F10', 5, 'Trastornos mentales y del comportamiento debidos al uso de alcohol', 'Trastorno residual o concomitante a una enfermedad, lesión o disfunción cerebral'),
	('F12', 5, 'Trastornos mentales y del comportamiento debidos al uso de cannabinoides', 'Trastorno residual o concomitante a una enfermedad, lesión o disfunción cerebral'),
	('F14', 5, 'Trastornos mentales y del comportamiento debidos al uso de cocaína', ''),
	('F15', 5, 'Trastornos mentales y del comportamiento debidos al uso de otros estimulantes, incluida la cafeína', 'Trastorno residual o concomitante a una enfermedad, lesión o disfunción cerebral'),
	('F19', 5, 'Trastornos mentales y del comportamiento debidos al uso de múltiples drogas y al uso de otras sustancias psicoactivas', 'Trastorno residual o concomitante a una enfermedad, lesión o disfunción cerebral'),
	('F20', 5, 'Esquizofrenia', 'Determinar que los síntomas no se deben al abuso de sustancias, medicamentos o afecciones'),
	('F22', 5, 'Trastornos delirantes persistentes', 'Trastorno Delirante, Anemia crónica leve, Hipotiroidismo'),
	('F24', 5, 'Trastorno delirante inducido', 'Presencia de una o más creencias falsas firmemente asentadas que persisten durante al menos 1 mes'),
	('F31', 5, 'Trastorno afectivo bipolar', 'Exploración física, evaluación psiquiátrica, registro del estado de ánimo'),
	('F32', 5, 'Episodio depresivo', 'Ánimo depresivo, pérdida de interés y de la capacidad para disfrutar'),
	('F34', 5, 'Trastornos del humor [afectivos] persistentes', 'episodios de depresión y euforia leves, ninguno de los cuales sea lo suficientemente intenso y duradero como para satisfacer la descripción de un trastorno bipolar'),
	('F40', 5, 'Trastornos fóbicos de ansiedad', 'miedo o ansiedad marcada, persistente de una situación o un objeto específico'),
	('F42', 5, 'Trastorno obsesivo-compulsivo', 'Evaluación psicológica. Hablar de los pensamientos, sentimientos, síntomas y patrones de conducta para determinar si existen obsesiones o conductas compulsivas que interfieren en la calidad de vida del paciente'),
	('F44', 5, 'Trastornos disociativos', 'Observar dos o más identidades o personalidades definidas en forma no deseada e involuntaria. Cada identidad tiene su propio patrón para percibir, relacionarse y pensar sobre si mismo y el mundo'),
	('F50', 5, 'Trastornos de la ingestión de alimentos', 'Pérdida de peso significativa o, en niños, no crecer como se espera, grave carencia nutricional, necesidad de alimentación por sonda'),
	('F55', 5, 'Abuso de sustancias que no producen dependencia', 'El paciente consume de forma continuada, en dosis altas, y sin justificación sustancias como laxantes, analgésicos, vitaminas, antidepresivos, etc., que no producen dependencia y, por tanto, síntomas de abstinencia'),
	('F70', 5, 'Retraso mental leve', 'Historia clínica, examen físico, examen neurológico, pruebas de laboratorio, examen psiquiaátrico'),
	('F72', 5, 'Retraso mental grave', 'Exploración y valoración del déficit intelectual para determinar que el nivel es inferior al CI:70'),
	('F80', 5, 'Trastornos específicos del desarrollo del habla y del lenguaje', 'Asegurarse de que las alteraciones en la articulación son lo suficientemente graves para considerarlas anormales y diferenciarlas de aquellas que pueden ser propias en niños pequeños'),
	('F82', 5, 'Trastorno específico del desarrollo de la función motriz', 'Serio deterioro del desarrollo de la coordinación motriz, que no es exclusivamente expli­cable en términos de un retraso intelectual generalizado, ni de ningún trastorno neurológico específico congénito ni adquirido'),
	('F91', 5, 'Trastornos de la conducta', 'Agresión hacia personas y animales, destrucción de la propiedad, falsedad, mentiras y robos, violaciones graves de las reglas parentales'),
	('F95', 5, 'Trastornos por tics', 'Tener uno o más tics motores o tics vocales, tener tics por no más de 12 meses seguidos, tener tics que han comenzado antes de los 18 años'),
	('G04', 6, 'Encefalitis, mielitis y encefalomielitis', 'Diagnóstico por imágenes del cerebro, punción lumbar, electroencefalograma, biopsia cerebral'),
	('G06', 6, 'Absceso y granuloma intracraneal e intrarraquídeo', 'Imagen por resonancia magnética o tomografía computarizada'),
	('G10', 6, 'Enfermedad de Huntington', 'examen físico general, revisión de antecedentes médicos familiares, y exámenes neurológicos y psiquiátricos'),
	('G12', 6, 'Atrofia muscular espinal y síndromes afines', 'Pruebas genéticas, biopsia de músculo'),
	('G20', 6, 'Enfermedad de Parkinson', 'Análisis de los signos y síntomas, y una exploración física y neurológica'),
	('G30', 6, 'Enfermedad de Alzheimer', 'Pruebas para evaluar el deterioro de la memoria y otras habilidades de razonamiento, determinar las capacidades funcionales e identificar cambios en la conducta'),
	('G35', 6, 'Esclerosis múltiple', 'Descarte de otras enfermedades que producen signos y sintomas similares'),
	('G40', 6, 'Epilepsia', 'Examen neurológico, Análisis de sangre'),
	('G43', 6, 'Migraña', 'Revisión de antecedentes médicos, síntomas y un examen físico y neurológico'),
	('G47', 6, 'Trastornos del sueño', 'Examen físico, evaluación de los hábitos de sueño, estudio del sueño'),
	('G51', 6, 'Trastornos del nervio facial', 'Evaluación facial, radiografía de tórax o una TC, se mide la enzima convertidora de angiotensina'),
	('G82', 6, 'Paraplejía y cuadriplejía', 'Pruebas de radiografías, exploración por tomografía computarizada, resonancia magnética'),
	('G91', 6, 'Hidrocéfalo', 'Examen físico general, examen neurológico, pruebas de diagnóstico por imágenes del cerebro'),
	('H00', 7, 'Orzuelo y calacio', 'Examinar el parpado con una lámpara'),
	('H04', 7, 'Trastornos del aparato lagrimal', 'Examinar el interior de la nariz para determinar si las fosas nasales tienen trastornos estructurales que provocan una obstrucción'),
	('H10', 7, 'Conjuntivitis', 'Preguntas sobre sintomas y antecedentes, cultivo por sintomas graves'),
	('H15', 7, 'Trastornos de la esclerótica', 'Prueba de la rejilla de Amsler, tomografía de coherencia óptica, autofluorescencia del fondo de ojo'),
	('H20', 7, 'Iridociclitis', 'Anamnesis, los síntomas y el examen con la lámpara de hendidura, que típicamente revela la presencia de hemorragia en llama'),
	('H25', 7, 'Catarata senil', 'Oftalmoscopia seguida de examen por lámpara de hendidura'),
	('H30', 7, 'Inflamación coriorretiniana', 'Se debe hacer diagnóstico diferencial con otras enfermedades que cursan con "Puntos blancos"'),
	('H40', 7, 'Glaucoma', 'Medir la presión intraocular, analizar el daño del nervio óptico con un examen con el ojo dilatado y pruebas de diagnóstico por imágenes, verificar las zonas de pérdida de la vista, medir el espesor corneal'),
	('H44', 7, 'Trastornos del globo ocular', 'Conjuntivitis aguda, uveítis aguda anterior, abrasión o infección corneal'),
	('H46', 7, 'Neuritis óptica', 'Examen ocular de rutina, oftalmoscopia, prueba de reacción con luz pupilar'),
	('H49', 7, 'Estrabismo paralítico', 'Se realiza mediante determinación de la agudeza visual'),
	('H53', 7, 'Alteraciones de la visión', 'Medición de la agudeza visual, la biomicroscopía, el campo visual, la OCT y la pupilometría'),
	('H54', 7, 'Ceguera y disminución de la agudeza visual', 'Historia completa y antecedentes familiares de la discapacidad visual en el paciente. El examen externo del aro incluyendo las tapas, la conjuntiva, la córnea, el iris, la lente'),
	('H60', 8, 'Otitis externa', 'Inspección. Cuando la secreción es abundante, puede ser difícil diferenciar la otitis externa de una otitis media aguda purulenta con perforación de la membrana timpánica'),
	('H65', 8, 'Otitis media no supurativa', 'Se realizan cultivos del material de drenaje. Cuando se presume un colesteatoma u otras complicaciones (como en el caso del paciente febril o con vértigo u otalgia), se realiza una TC o una RM'),
	('H68', 8, 'Inflamación y obstrucción de la trompa de Eustaquio', 'Se usa un instrumento con luz llamado otoscopio para observar dentro del oído, se verifica la existencia de una leve protuberancia cerca del tímpano, de líquido y de hinchazón'),
	('H70', 8, 'Mastoiditis y afecciones relacionadas', 'Evaluación clínica, tomografía de ser necesaria'),
	('H80', 8, 'Otosclerosis', 'Descartar otras enfermedades o problemas de salud que pueden causar los mismos síntomas que la otosclerosis, pruebas de audición que miden la sensibilidad auditiva y conducción del sonido'),
	('H81', 8, 'Trastornos de la función vestibular', 'Historial médico del paciente, hallazgos del examen físico para solicitar las pruebas complementarias que les conducirán a conocer el funcionamiento del sistema vestibular y descartar otras causas de los síntomas'),
	('H90', 8, 'Hipoacusia conductiva y neurosensorial', 'Pruebas de audicón con aplicaciones, pruebas con diapasón, pruebas con audiómetro'),
	('H92', 8, 'Otalgia y secreción del oído', 'Historia detallada y un examen físico completo, dolor asociado a un proceso infeccioso'),
	('I00', 9, 'Fiebre reumática sin mención de complicación cardíaca', 'Antecedentes médicos, un examen físico y análisis de sangre'),
	('I05', 9, 'Enfermedades reumáticas de la válvula mitral', 'Examen físico para detectar soplo cardíaco'),
	('I06', 9, 'Enfermedades reumáticas de la válvula aórtica', 'Exploración física, antecedentes familiares, escuchar el corazón con estetoscopio'),
	('I10', 9, 'Hipertensión esencial', 'Chequeo de presión de rutina, si el resultado es dudoso es posible que sea necesario realizar un estudio de 24 horas en el que se mide la presión arterial en distintos momentos del día'),
	('I15', 9, 'Hipertensión secundaria', 'Lectura de la presión arterial con un brazalete inflable, pueden requerirse de tres a seis mediciones de la presión arterial alta en citas separadas para diagnosticar la hipertensión arterial secundaria'),
	('I20', 9, 'Angina de pecho', 'Realización de una exploración física y preguntas sobre los síntomas, pruebas como electrocardiograma, prueba de esfuerzo'),
	('I21', 9, 'Infarto agudo del miocardio', 'Dolor a nivel del corazón o alteraciones en el electrocardiograma y, además, se produce una elevación de los enzimas cardiacos en sangre como consecuencia de la ruptura celular'),
	('I26', 9, 'Embolia pulmonar', 'Analisis de los antecedentes médicos, hacer examen físico, análisis de sangre, radiografía toráxica, ecografía'),
	('I30', 9, 'Pericarditis aguda', 'La pericarditis genera un sonido específico, conocido como roce pericárdico. El ruido se produce cuando las dos capas del saco que rodea al corazón (pericardio) se rozan entre sí, pruebas de electrocardiograma, radiografía de tórax, exploración computarizada del corazón'),
	('I33', 9, 'Endocarditis aguda y subaguda', 'Existe un proceso infeccioso con fiebre persistente sin que exista un foco aparente de la infección'),
	('I40', 9, 'Miocarditis aguda', 'Exploración física, prueba de electrocardiograma, adiografía de tórax, RM'),
	('I42', 9, 'Cardiomiopatía', 'Historia clínica y la de la familia, pruebas a realizar, radiografía toráxica, ecocardiograma, electrocardiografía'),
	('I61', 9, 'Hemorragia intraencefálica', 'Tomografía computarizada o resonancia magnética nuclear, análisis de sangre para medir el azúcar en sangre, análisis de sangre para determinar si se coagula normalmente'),
	('I64', 9, 'Accidente vascular encefálico agudo', 'Tomografía computarizada u otra prueba de imágenes, descartar otras causas posibles de los sintomas como tumor cerebralo reacción a un medicamento'),
	('I71', 9, 'Aneurisma y disección aórticos', 'Dolor lacerante o desgarrador y repentino en el pecho, ensanchamiento de la aorta en la radiografía de tórax'),
	('I74', 9, 'Embolia y trombosis arteriales', 'Lesiones musculares, celulitis (infección bacteriana de la piel) e inflamación de las venas que están justo debajo de la piel'),
	('I78', 9, 'Enfermedades de los vasos capilares', 'Angiografía mesentérica, arteriografía, ecografía dúplex'),
	('I84', 9, 'Hemorroides', 'Examen del canal anal y el recto'),
	('I85', 9, 'Várices esofágicas', 'Pruebas de detección de várices esofágicas, examen endoscópico, endoscopia capsular'),
	('I95', 9, 'Hipotensión', 'Examen físico, medir la presión arterial, análisis de sangre, electrocardiograma'),
	('J00', 10, 'Rinofaringitis aguda', 'Fiebre, malestar general, mal aliento, dolor cervical, etc. pruebas de laboratorio como hemograma, velocidad de sedimentación globular, o determinación del nivel de antiestreptolisinas'),
	('J01', 10, 'Sinusitis aguda', 'Examen físico palpar la nariz y la cara para determinar si se siente dolor y mirar dentro de la nariz, endoscopia nasal, muestras nasales y sinusales'),
	('J02', 10, 'Faringitis aguda', 'Fiebre, malestar general, mal aliento, dolor cervical, etc.) hacen sospechar un cuadro de faringo-amigdalitis aguda'),
	('J03', 10, 'Amigdalitis aguda', 'Observar la garganta y, probablemente, los oídos y la nariz, que también pueden ser sitios de infección'),
	('J04', 10, 'Laringitis y traqueítis agudas', 'Anamnesis y en la exploración física detallada, y la mayoría de las veces no son necesarias las pruebas complementarias'),
	('J06', 10, 'Infecciones agudas de las vías respiratorias superiores', 'Anamnesis exhaustiva y en un examen físico completo'),
	('J09', 10, 'Influenza debida a virus de la influenza aviar identificado', 'Cultivo viral, pruebas serológicas, prueba rápida de detección de antígeno, reacción en cadena de la polimerasa trascripción reversa (RT-PCR), ensayos de inmunofluorescencia y ensayos moleculares de detección rápida'),
	('J12', 10, 'Neumonía viral', 'Historia clínica, exploración física en la que, entre otras cosas, escuchará los pulmones con un estetoscopio para detectar cualquier sonido anormal de burbujeo o crepitación que sugiera la presencia de neumonía'),
	('J15', 10, 'Neumonía bacteriana', 'Historia clínica, exploración física en la que, entre otras cosas, escuchará los pulmones con un estetoscopio para detectar cualquier sonido anormal de burbujeo o crepitación que sugiera la presencia de neumonía'),
	('J20', 10, 'Bronquitis aguda', 'Exploración física, uso de estetoscopio para escuchar atentamente los pulmones mientras respira'),
	('J30', 10, 'Rinitis alérgica y vasomotora', 'Test cutáneo muy sencillo: se aplican sobre la piel del brazo gotas que contienen una cantidad conocida del alérgeno al que podemos ser sensibles, esas gotas se atraviesan con una mínima lanceta hasta perforar la piel y se observa la reacción a los 15-20 minutos'),
	('J32', 10, 'Sinusitis crónica', 'Palpar la nariz y la cara para determinar si siente dolor y mirará dentro de la nariz, observación de los senos paranasales'),
	('J37', 10, 'Laringitis y laringotraqueítis crónicas', 'Ronquera. Los cambios en la voz pueden variar según el grado de infección o la irritación'),
	('J38', 10, 'Enfermedades de las cuerdas vocales y de la laringe', 'Se puede aplicar un anestésico tópico para adormecer los tejidos de las cuerdas vocales antes de que el médico los examine con laringoscopio flexible, laringoscopio rígido'),
	('J40', 10, 'Bronquitis', 'Radiografía de tórax, examen de esputo, prueba de la función pulmonar'),
	('J43', 10, 'Enfisema', 'La exploración por tomografía computarizada combina imágenes de rayos X tomadas desde diferentes ángulos para crear vistas transversales de los órganos internos. Las exploraciones por tomografía computarizada pueden ser útiles para detectar y diagnosticar un enfisema'),
	('J45', 10, 'Asma', 'Exploración física para descartar otras posibles afecciones, como una infección respiratoria o la enfermedad pulmonar obstructiva crónica (EPOC)'),
	('J66', 10, 'Enfermedades de las vías aéreas debidas a polvos orgánicos específicos', 'Realizar una prueba que evidencie la disminución de la capacidad pulmonar durante la jornada laboral'),
	('J81', 10, 'Edema pulmonar', 'Signos y síntomas y en los resultados del examen físico, el electrocardiograma y la radiografía de tórax'),
	('J85', 10, 'Absceso del pulmón y del mediastino', 'Radiografía del tórax donde se suele ver una imagen redondeada que tiene líquido en su interior. Frecuentemente se solicita un TAC para ver mejor el absceso'),
	('J93', 10, 'Neumotórax', 'Radiografía de tórax. En algunos casos, podría ser necesaria una exploración por tomografía computarizada para brindar imágenes más detalladas. También se puede usar una ecografía'),
	('J96', 10, 'Insuficiencia respiratoria', 'El diagnóstico se realiza sobre la base de una exploración física, una radiografía de tórax y los niveles de oxígeno. También es importante descartar otras enfermedades y trastornos'),
	('K00', 11, 'Trastornos del desarrollo y de la erupción de los dientes', 'Radiografía dental, rayos X panorámicos'),
	('K01', 11, 'Dientes incluidos e impactados', 'Mal aliento y sabor de boca, inflamación, flemón, dolor en encías, dolor de cabeza, mandíbula y/o cuello, enrojecimiento e inflamación de la encía, ausencia del diente en cuestión en boca. Está indicado realizar una radiografía panorámica para poder abordar el caso'),
	('K02', 11, 'Caries dental', 'Pregunta sobre dolor de muela y sensibilidad. Examina la boca y los dientes. Explora los dientes con instrumentos dentales en busca de zonas blandas. Observa radiografías dentales, las cuales pueden mostrar el grado de caries y deterioro'),
	('K05', 11, 'Gingivitis y enfermedades periodontales', 'Revisión de tus antecedentes médicos y dentales, examen de los dientes, las encías, la boca y la lengua'),
	('K11', 11, 'Enfermedades de las glándulas salivales', 'Biopsia de la glándula salival, Sialograma'),
	('K14', 11, 'Enfermedades de la lengua', 'Cualquier lesión en la lengua debe ser revisada y supervisada por el especialista en Odontología y Estomatología, el médico de cabecera o el otorrinolaringólogo, ya que podría ser señal de un posible cáncer de lengua o cáncer oral'),
	('K21', 11, 'Enfermedad del reflujo gastroesofágico', 'Endoscopia superior. Prueba ambulatoria con sonda para medir la presencia de ácido'),
	('K25', 11, 'Úlcera gástrica', 'Pruebas de laboratorio para detectar bacterias helicobácter pylori'),
	('K30', 11, 'Dispepsia', 'Enfermedadesxamen físico. Varios exámenes de diagnóstico pueden ayudar a tu médico a determinar la causa de tu malestar y descartar otros trastornos que causan síntomas similares'),
	('K35', 11, 'Apendicitis aguda', 'Antecedentes de los signos y síntomas, y examine abdomen'),
	('K40', 11, 'Hernia inguinal', 'Comprobación de la existencia de protrusión a nivel herniario sobre todo al realizar maniobras de esfuerzo abdominal, al toser, etc, por lo que, la mayor parte de la veces, la exploración física revela la presencia de la hernia'),
	('K42', 11, 'Hernia umbilical', 'Examen físico. En algunas ocasiones, los estudios de diagnóstico por imágenes, como una ecografía abdominal o una exploración mediante TC, se emplean para detectar complicaciones'),
	('K51', 11, 'Colitis ulcerativa', 'Los procedimientos endoscópicos con biopsia de tejidos son la única manera de diagnosticar con total certeza la colitis ulcerosa. Existen otros exámenes que pueden ayudar a descartar complicaciones u otras formas de la enfermedad intestinal inflamatoria, como la enfermedad de Crohn'),
	('K55', 11, 'Trastornos vasculares de los intestinos', 'Vasos sanguíneos anómalos mucosos o submucosos en el aparato digestivo. Estos vasos pueden causar hemorragia recurrente, que rara vez es masiva'),
	('K58', 11, 'Síndrome del colon irritable', 'No existe una prueba para diagnosticar definitivamente el síndrome de colon irritable. Es probable que el médico comience con los antecedentes médicos completos, un examen físico y pruebas para descartar otras afecciones, como la enfermedad celíaca'),
	('K65', 11, 'Peritonitis', 'Antecedentes médicos y te hará una exploración física. Cuando la peritonitis se asocia con la diálisis peritoneal, los signos y síntomas, en particular el líquido de diálisis turbio, pueden ser suficientes para que el médico diagnostique la enfermedad'),
	('K70', 11, 'Enfermedad alcohólica del hígado', 'Examen físico y te preguntará sobre el consumo de alcohol en el presente y el pasado. Es importante ser honesto acerca del consumo de alcohol. Quizás el médico te pida permiso para consultar a tus familiares sobre tus hábitos de consumo de alcohol'),
	('K73', 11, 'Hepatitis crónica', 'En los estudios de laboratorio se demuestra elevación variable de transaminasas y de bilirrubina, con diversos grados de hipoprotrombinemia, según la forma clínica de presentación'),
	('K80', 11, 'Colelitiasis', 'Eecografía, observándose piedras en el interior de la vesícula. La ecografía también sirve para diagnosticar las posibles complicaciones, si bien a veces es necesario realizar otras técnicas como un TAC o una colangiografía.'),
	('K85', 11, 'Pancreatitis aguda', 'Los síntomas coincidan con los descritos, por lo que la experiencia del médico es fundamental para orientar hacia un diagnóstico certero. Aaumento en la sangre de algunas enzimas que segrega el páncreas, como la amilasa y la lipasa'),
	('K90', 11, 'Malabsorción intestinal', 'Se basa en los síntomas característicos, junto con análisis de muestras de heces y en ocasiones una biopsia del revestimiento del intestino delgado'),
	('L03', 12, 'Celulitis', 'Observar la piel. Sugerir realizar análisis de sangre u otras pruebas con el fin de descartar otras afecciones.'),
	('L05', 12, 'Quiste pilonidal', 'El diagnóstico diferencial debe realizarse con forúnculos, fístulas perianales y osteomielitis de sacro.'),
	('L21', 12, 'Dermatitis seborreica', 'Examen de la piel, desprender células cutáneas raspándolas para realizar un examen (biopsia) a fin de descartar enfermedades con síntomas parecidos a los de la dermatitis seborreica'),
	('L22', 12, 'Dermatitis del pañal', 'Biopsia de la piel que presenta un infiltrado de células histiocíticas. Otras alteraciones clínicas en la enfermedad de Letterer-Siwe incluyen anemia, diarrea, alteraciones óseas, hepatosplenomegalia o linfadenopatías'),
	('L26', 12, 'Dermatitis exfoliativa', 'Evaluación médica Posiblemente, pruebas cutáneas para descartar el cáncer'),
	('L40', 12, 'Psoriasis', 'Examen de la piel, el cuero cabelludo y las uñas, biopsia de la piel, para descartar otros trastornos'),
	('L50', 12, 'Urticaria', 'Examen de cualquier roncha o área de hinchazón y analisis de los antecedentes médicos para identificar las posibles causas de los signos y síntomas'),
	('L55', 12, 'Quemadura solar', 'Exploración física y preguntas sobre los síntomas, la exposición a los rayos UV y los antecedentes de quemaduras por el sol'),
	('L58', 12, 'Radiodermatitis', 'Correlacionar el antecedente de un procedimiento guiado por fluoroscopía, aunado a la localización de la lesión cutánea y los hallazgos histológicos'),
	('L60', 12, 'Trastornos de las uñas', 'Las uñas se vuelven secas, quebradizas y planas o cóncavas en vez de convexas. Pueden desarrollar crestas en toda su longitud. El color de la uña puede cambiar a amarillo o gris. Las uñas quebradizas se pueden partir'),
	('L63', 12, 'Alopecia areata', 'Histología y en la demostración mediante inmunofluorescencia directa de depósitos granulares de IgG a nivel de la membrana basal (son positivos en el 90% de las lesiones activas)'),
	('L70', 12, 'Acné', 'Exploración de la piel. Se buscan determinados síntomas, como puntos blancos y negros, para confirmar la presencia de acné y no de otra enfermedad de la piel, como la rosácea.'),
	('L80', 12, 'Vitíligo', 'Antecedentes médicos y examen de la piel, posiblemente con una lámpara especial. Incluye una biopsia de piel y análisis de sangre'),
	('L84', 12, 'Callos y callosidades', 'Examen de los pies y descarte de otras causas del engrosamiento de la piel, tales como verrugas y quistes. recomendación de una radiografía si una anomalia causa el problema'),
	('L93', 12, 'Lupus eritematoso', 'Síntomas que cuenta el paciente, la exploración física y la analítica.'),
	('M00', 13, 'Artritis piógena', 'Análisis del líquido articular. Las infecciones pueden alterar el color, la consistencia, el volumen y la composición del líquido dentro de las articulaciones.'),
	('M05', 13, 'Artritis reumatoide seropositiva', 'Revisión de las articulaciones para detectar hinchazón, enrojecimiento y temperatura. Evaluación de los reflejos y fuerza muscular.'),
	('M08', 13, 'Artritis juvenil', 'Evaluación clínica. Factor reumatoide (RF), anticuerpos antinucleares (ANA), anticuerpo peptídico citrulinado anticíclico (anti-CCP) y pruebas HLA-B27'),
	('M10', 13, 'Gota', 'Prueba de líquido sinovial. Uso de una aguja para extraer líquido de la articulación afectada. Los cristales de urato pueden ser visibles cuando se examina el líquido con un microscopio'),
	('M15', 13, 'Poliartrosis', 'La utilización de la radiografía es imprescindible para confirmar el diagnóstico. Los signos radiológicos de la artrosis son muy característicos: crecimiento del hueso que sobresale de la articulación'),
	('M22', 13, 'Trastorno de la rótula', 'Evaluación clínica. En ocasiones, está indicada la biopsia renal y las radiografías óseas, que son diagnósticas.'),
	('M23', 13, 'Trastorno interno de la rodilla', 'Artrografía directa. Artroscopia de rodilla. Resonancia magnética de la rodilla.'),
	('M34', 13, 'Esclerosis sistémica', 'Engrosamiento de la piel de los dedos de ambas manos. Lesiones en el pulpejo de los dedos (p. ej., úlceras, cicatrices puntiformes). Telangiectasia'),
	('M41', 13, 'Escoliosis', 'Solicitar una radiografía de la columna vertebral para valorar si existe desviación de la columna y el grado de la misma. En ocasiones, se remitirá al niño o adolescente a la consulta con el traumatólogo para una valoración más específica.'),
	('M47', 13, 'Espondilosis', 'Los análisis de diagnóstico por imágenes pueden proporcionar información detallada para guiar el diagnóstico y el tratamiento'),
	('M72', 13, 'Trastornos fibroblásticos', 'El diagnóstico es eminentemente clínico, aunque su confirmación sería por el estudio anatomopatológico.'),
	('M75', 13, 'Lesiones del hombro', 'Uso de historia clínica, un examen físico y pruebas de imagen.'),
	('M80', 13, 'Osteoporosis con fractura patológica', 'Orden de una densitometría ósea. Este examen es utilizado para medir la densidad mineral ósea (DMO). Este procedimiento se realiza generalmente utilizando la absorciometría por rayos X de energía dual '),
	('M86', 13, 'Osteomielitis', 'Palpar la zona cercana al hueso afectado en busca de sensibilidad, inflamación o calor. Úlcera en el pie, es posible que se utilice una sonda opaca para determinar la proximidad del hueso que está debajo.'),
	('M87', 13, 'Osteonecrosis', 'Aplicar presión alrededor de las articulaciones para buscar áreas de sensibilidad, mover las articulaciones en varias posicionespara comprobar el rango de movimiento'),
	('O00', 14, 'Embarazo ectópico', 'Examen pélvico ayuda a identificar áreas de dolor, sensibilidad o bulto en trompa de falopio o en ovario. Análisis de sangrey ecografía'),
	('O03', 14, 'Aborto espontáneo', 'Examen pélvico, ecografía, análisis de sangre, análisis de tejidos'),
	('O04', 14, 'Aborto médico', 'Se utiliza cirugía para terminar un embarazo'),
	('O15', 14, 'Eclampsia ', 'El diagnóstico es clínico y mediante la evaluación de las proteínas en orina'),
	('O20', 14, 'Hemorragia precoz del embarazo', 'El diagnóstico diferencial se estable mediante el tacto vaginal. Si el cuello es permeable es un aborto en curso.'),
	('O21', 14, 'Vómitos excesivos en el embarazo', 'Descartar todas las otras causas que podrían producir estas molestias'),
	('O24', 14, 'Diabetes mellitus en el embarazo', 'Elevación inequívoca de la glucosa plasmática de 200 mg/dL o mayor y síntomas clásicos de diabetes; glucosa plasmática en ayunas mayor de 126 mg/ dL en dos o más ocasiones y uso de la curva de tolerancia a la glucosa (prueba de 100 gramos).'),
	('O25', 14, 'Desnutrición en el embarazo', 'Los estudios en mujeres gestantes y no gestantes, independientemente de la referencia que se use, reportan que el principal problema existente es el sobrepeso y la obesidad.'),
	('O30', 14, 'Embarazo múltiple', 'Ecografía es el único  medio  definitivo y seguro en el diagnóstico de una gestación gemelar'),
	('O43', 14, 'Trastornos placentarios', 'Placenta anormalmente adherente, placenta anormalmente invasiva'),
	('O44', 14, 'Placenta previa', 'La placenta previa se diagnostica mediante una ecografía, ya sea durante una consulta prenatal de rutina o después de un episodio de sangrado vaginal. La mayoría de los casos de placenta previa se diagnostican durante una ecografía en el segundo trimestre.'),
	('O47', 14, 'Falso trabajo de parto', 'Contracciones uterinas regulares y el cuello del útero ha comenzado a volverse más suave, delgado y abierto (dilatarse) antes de las 37 semanas de embarazo, es probable que te diagnostiquen trabajo de parto prematuro.'),
	('O48', 14, 'Embarazo prolongado', 'La causa más frecuente de diagnóstico de embarazo prolongado es el error en la determinación de la fecha de última regla (FUR) de la gestante (7,4)'),
	('O60', 14, 'Trabajo de parto prematuro', 'Si tienes contracciones uterinas regulares y el cuello del útero ha comenzado a volverse más suave, delgado y abierto (dilatarse) antes de las 37 semanas de embarazo, es probable que te diagnostiquen trabajo de parto prematuro.'),
	('O63', 14, 'Trabajo de parto prolongado', 'Evaluación de las dimensiones pelvianas, la posición y el tamaño del feto, y las contracciones uterinas. A menudo respuesta al tratamiento'),
	('O70', 14, 'Desgarro perineal durante el parto', 'Existencia de una lesión que afecte al músculo elevador del ano mediante la palpación de las paredes laterales. Se debe objetivar la solución de continuidad de sus fibras y la presencia de grasa entre ellas. La presencia de dicha grasa es el signo que mejor identifica su rotura.'),
	('O72', 14, 'Hemorragia postparto', 'Evaluación clínica. El diagnóstico de la hemorragia posparto es clínico (p. ej., determinación de la magnitud de la pérdida de sangre, monitorización de los signos vitales).'),
	('O80', 14, 'Parto único espontáneo', 'Contracciones uterinas regulares y el cuello del útero ha comenzado a volverse más suave, delgado y abierto (dilatarse) antes de las 37 semanas de embarazo'),
	('O88', 14, 'Embolia obstétrica', 'Por lo general, el diagnóstico de la embolia de líquido amniótico se realiza después de que se hayan descartado otros trastornos. Análisi de sangre'),
	('P05', 15, 'Retardo del crecimiento fetal y desnutrición fetal', 'Grandes altitudes. Embarazos múltiples, como gemelos o trillizos. Problemas en la placenta. Preeclampsia o eclampsia'),
	('P21', 15, 'Asfixia del nacimiento', 'Falta de respiración o de aire que puede ocurrir antes del nacimiento, durante el embarazo o a lo largo del parto.'),
	('P23', 15, 'Neumonía congénita', 'Es una infección grave en el neonato y consiste en la inflamación del tejido pulmonar, causada por virus o bacterias. Uno de los primeros signos de alarma es la dificultad respiratoria y el rechazo de la alimentación con dificultad para la succión.'),
	('P50', 15, 'Pérdida de sangre fetal', 'El diagnóstico de esta afección se realiza según la existencia de eritrocitos fetales en la sangre materna.'),
	('P51', 15, 'Hemorragia umbilical del recién nacido', 'Detección disminuida de los factores dependientes de la vitamina K.'),
	('P80', 15, 'Hipotermia del recién nacido', 'En los recién nacidos prematuros, la hipotermia aumenta la morbilidad y la mortalidad. La hipotermia puede ser exclusivamente ambiental o representar una enfermedad intercurrente'),
	('P90', 15, 'Convulsiones del recién nacido', 'El diagnóstico se confirma por electroencefalografía; están indicados estudios complementarios para investigar las causas. El tratamiento depende de la causa.'),
	('P92', 15, 'Problemas de la ingestión de alimentos del recién nacido', 'Se basa en la anamnesis detallada, exploración física y antropometía, descartando posibles patologías orgánicas e identificando el tipo de TCA.'),
	('P94', 15, 'Trastornos del tono muscular en el recién nacido', 'Enfrentado directamente a un recién nacido con test de Apgar bajo, nuestra preocupación será ver si tiene hipotonía y de qué tipo, y si el examen muestra otros signos de compromiso cerebral o neuromuscular'),
	('Q00', 16, 'Anencefalia y malformaciones congénitas similares ', 'La anencefalia se puede diagnosticar durante el embarazo o después del nacimiento del bebé. Exámenes prenatales, identificarla cuando el bebé nace'),
	('Q02', 16, 'Microcefalia', 'Análisis minucioso de antecedentes prenatales, de nacimiento y familiares, medición de la la circunferencia de la cabeza'),
	('Q03', 16, 'Hidrocéfalo congénito', 'Cisternografía con radionúclidos, exploración de la cabeza por TAC, RMN de cabeza'),
	('Q05', 16, 'Espina bífida', 'Exámenes de detección prenatales para detectar espina bífida y otros defectos congénitos. Los análisis no son perfectos. Algunas madres que obtienen resultados positivos en los análisis de sangre tienen bebés sin espina bífida. Incluso si los resultados son negativos'),
	('Q35', 16, 'Fisura del paladar', 'La mayoría de los casos de labio leporino y hendidura del paladar se descubren inmediatamente después del nacimiento y no requieren pruebas especiales para su diagnóstico.'),
	('Q36', 16, 'Labio leporino', 'Puede detectarse por medio de una ecografía alrededor de la semana 13 de embarazo. A medida que el feto continúa su desarrollo, puede resultar más fácil diagnosticar de forma precisa el labio leporino'),
	('Q41', 16, 'Ausencia, atresia y estenosis congénita del intestino delgado', 'Radiografías de abdomen. Se realizan radiografías simples de abdomen; éstas pueden revelar asas de intestino delgado dilatadas con niveles hidroaéreos y escaso aire en colon y recto'),
	('Q42', 16, 'Ausencia, atresia y estenosis congénita del intestino grueso', 'Se sospecha al nacer.  El diagnóstico se realiza con un enema de contraste que muestra un colon distal de diámetro pequeño que se detiene al nivel de la obstrucción'),
	('Q50', 16, 'Malformaciones congénitas de los ovarios, de las trompas de Falopio y de los ligamentos anchos', 'Histerosalpingografía o sonohisterografía. Laparoscopia o histeroscopia. A veces, un análisis de sangre en busca de un anticuerpos contra las clamidias'),
	('Q53', 16, 'Testículo no descendido', 'Si se mueve solo parcialmente hacia el escroto, si el movimiento parece causar dolor o molestias, o si el testículo regresa de inmediato a su lugar original, podría ser un testículo no descendido'),
	('Q56', 16, 'Sexo indeterminado y seudohermafroditismo', 'El diagnóstico y tratamiento de los PHM requiere un abordaje pluridisciplinario en el que intervienen cirugía y endocrinología pediátricas, radiología, genética, bioquímica hormonal y molecular, anatomía patológica y psiquiatría'),
	('Q61', 16, 'Enfermedad quística del riñón', 'Para la enfermedad renal poliquística, ciertas pruebas pueden detectar el tamaño y la cantidad de quistes que tienes en los riñones, y evaluar la cantidad de tejido renal sano; ecografía, tomografía computarizada, RM'),
	('Q65', 16, 'Deformidades congénitas de la cadera', 'Maniobras de exploración que llamamos Ortolani y Barlow evaluamos si la cadera está luxada o es luxable. Otros signos, como la asimetría de pliegues, tienen menos importancia en esta edad, pero conviene reevaluar los casos dudosos.'),
	('Q66', 16, 'Deformidades congénitas de los pies', 'El diagnóstico diferencial con verdaderas anomalías congénitas del pie que requieren un tratamiento especializado. Se debe realizar una exploración ortopédica general ante cualquier recién nacido que presente una anomalía de los pies. La exploración minuciosa de las caderas'),
	('Q69', 16, 'Polidactilia', 'Se puede ver durante el embarazo en una ecografía prenatal. De no verse en la ecografía, los médicos la diagnosticarán cuando nazca el bebé'),
	('Q80', 16, 'Ictiosis congénita', 'Examinando la piel afectada y las escamas características. Análisis, como una biopsia cutánea. Puede ser necesaria para descartar otras causas de la piel seca escamosa.'),
	('Q90', 16, 'Síndrome de Down', 'Muestra de sangre, esta prueba analiza los cromosomas de tu hijo. Si se detecta la presencia de un cromosoma 21 adicional en todas o en algunas células'),
	('Q96', 16, 'Síndrome de Turner', 'Se puede sospechar la presencia del síndrome de Turner por el análisis para la detección de ADN fetal libre o se pueden detectar algunas características con una ecografía prenatal'),
	('R00', 17, 'Anormalidades del latido cardíaco', 'Se puede diagnosticar los trastornos del ritmo cardíaco en base a sus síntomas, su historia médica, sus factores de riesgo, un examen físico, y los resultados de pruebas y procedimientos.'),
	('R01', 17, 'Soplos y otros sonidos cardíacos', 'Los soplos cardíacos se suelen detectar cuando el médico escucha tu corazón con un estetoscopio durante un examen físico.'),
	('R02', 17, 'Gangrena', 'Por lo general, un recuento alto de glóbulos blancos es un signo de infección. El médico puede solicitar un análisis de sangre para controlar la presencia de bacterias u otros gérmenes específicos.'),
	('R06', 17, 'Anormalidades de la respiración', 'Las pruebas de función pulmonar pueden medir el grado de restricción o de obstrucción, así como la capacidad de los pulmones para transportar el oxígeno desde el aire hasta la sangre.'),
	('R07', 17, 'Dolor de garganta y en el pecho', 'Usar un instrumento iluminado para observar la garganta, y probablemente los oídos y las fosas nasales. Tocar suavemente (palpar) el cuello para verificar si hay glándulas (ganglios linfáticos) inflamadas'),
	('R10', 17, 'Dolor abdominal y pélvico', 'Requiere un análisis profundo para determinar sus causas y el tratamiento más adecuado. Implica a diversas vísceras por lo que frecuentemente el abordaje debe ser multidisciplinar y en ocasiones exige una actuación rápida ya que está en juego la vida de la paciente'),
	('R11', 17, 'Náusea y vómito', 'Toma de historia clínica, síntomas, examen físico, busqueda de signos de deshidratación, pruebas de sangre y orina'),
	('R12', 17, 'Acidez', 'Rayos X, para ver la forma y el estado del esófago y del estómago. Una endoscopia, para comprobar si existen anomalías en el esófago'),
	('R20', 17, 'Alteraciones de la sensibilidad cutánea', 'Anamnesis y exploración física: determinar el tipo, la gravedad, las circunstancias de aparición y la localización de los trastornos de sensibilidad. Examinar la sensibilidad al tacto tocando el cuerpo con un papel fino o un bastoncillo de algodón, la sensibilidad al dolor con alfiler.'),
	('R25', 17, 'Movimientos involuntarios anormales', 'Producidos por una alteración en la función de grupos de neuronas en diferentes partes del cerebro.'),
	('R32', 17, 'Incontinencia urinaria', 'Historia clínica. Se revisan los antecedentes familiares, las enfermedades que ha tenido, exploración física, análisis urinario.'),
	('R40', 17, 'Somnolencia, estupor y coma', 'Este cuadro se asocia con lesiones mediales y bilaterales del lóbulo frontal que producen pérdida de la motivación, de la capacidad de planear o iniciar movimientos (disfunción ejecutiva), aunque también puede ser de origen psiquiátrico'),
	('R42', 17, 'Mareo y desvanecimiento', 'Preguntas sobre sus síntomas y medicamentos, y luego se les hará un examen físico. Durante este examen, el médico comprobará cómo caminas y mantienes el equilibrio, y cómo funcionan los nervios principales del sistema nervioso central.'),
	('R43', 17, 'Trastornos del olfato y del gusto', 'Pro dosis de medicamentos demasiadas altas. Si tiene alguna obstrucción nasal, como pólipos que estén limitando el flujo de aire en la nariz, tal vez sea necesario hacerle una cirugía para eliminarlos y restaurar el sentido del olfato.'),
	('R51', 17, 'Cefalea', 'Historia clínica. Es el pilar fundamental para el diagnóstico de las cefaleas para definir las características del dolor (continuo, pulsátil), la localización (hemicraneal, frontal, periocular o en la nuca), la duración, si es episódica, la intensidad del dolor'),
	('R53', 17, 'Malestar y fatiga', 'Pruebas de trastornos del sueño, problemas médicos, problemas de salud mental'),
	('R54', 17, 'Senilidad', 'Reconocer el patrón de pérdida de habilidades y funciones, y determinar qué es lo que una persona todavía es capaz de hacer. Recientemente, se cuenta con biomarcadores para hacer un diagnóstico más preciso de la enfermedad de Alzheimer.'),
	('R95', 17, 'Síndrome de la muerte súbita infantil', 'Exclusión de otras causas por autopsia. En gran medida, el diagnóstico del SMSL es de exclusión, pero no puede realizarse sin una autopsia adecuada para descartar otras causas de muerte súbita, inesperada'),
	('S00', 18, 'Traumatismo superficial de la cabeza', 'Lesión de cabeza ocurre como resultado de un trauma en el cuero cabelludo, en el cráneo o en el cerebro, y se puede clasificar como cerrada (no hay corte en la piel) o penetrante (la piel y/o hueso del cráneo está roto). Los síntomas de lesión en la cabeza pueden ocurrir inmediatamente luego de un trauma o se pueden desarrollar lentamente a lo largo del tiempo.'),
	('S02', 18, 'Fractura de huesos del cráneo y de la cara', 'Rotura de uno o más huesos de la cabeza. De hecho, una fractura craneal no solo causa la fractura en el hueso, sino que produce lesiones en venas y arterias, que pueden sangrar cerca del tejido cerebral.'),
	('S06', 18, 'Traumatismo intracraneal', 'Las lesiones cerebrales traumáticas pueden ser emergencias. En el caso de lesiones cerebrales traumáticas más graves, las consecuencias pueden empeorar rápidamente si no se tratan.'),
	('S07', 18, 'Traumatismo por aplastamiento de la cabeza', 'Se debe seguir un orden protocolizado para el abordaje y diagnóstico de todo paciente con TCE'),
	('S12', 18, 'Fractura del cuello', 'Lesión evidente del fémur frecuentemente expuesta, riesgo vital secundario a otras lesiones, técnica radiográfica inadecuada, sobreposición de objetos o fractura mínimamente desplazada no visible en la radiografía inicial'),
	('S16', 18, 'Traumatismo de tendón y músculos a nivel del cuello', 'El principal diagnóstico diferencial es el absceso retrofaríngeo, ya que puede presentarse clínicamente con odinofagia, disfagia , disminución de la movilidad del cuello y cervicalgia.'),
	('S21', 18, 'Herida del tórax', 'Herida de los tegumentos de la caja torácica con burbujas de aire visibles durante los movimientos respiratorios: herida succionante del tórax'),
	('S26', 18, 'Traumatismo del corazón', 'ECG, Análisis enzimáticos, ecocardiograma'),
	('S37', 18, 'Traumatismo de órganos pélvicos', 'Diagnóstico presuntivo, auxiliada por  los medios diagnósticos necesarios, para corroborar si existe hemorragia intraabdominal o una ruptura de víscera hueca'),
	('S41', 18, 'Herida del hombro y del brazo', 'Deterioro de la integridad cutánea r/c deterioro de la sensibilidad, prominencias óseas, sustancias químicas, humedad, factores mecánicos y/o entre otros factores, Dolor agudo r/c agentes lesivos (físicos)'),
	('S42', 18, 'Fractura del hombro y del brazo', 'Si se diagnostican con tiempo, la mayoría de la fracturas evolucionan muy bien con el tratamiento indicado por el médico especialista. Evidentemente, valorando el lugar y la gravedad.'),
	('S52', 18, 'Fractura del antebrazo', 'Examinar el brazo en busca de dolor ligero, hinchazón, deformidad o una herida abierta. Solicitud de radiografías para determinar la ubicación y el grado de la fractura.'),
	('S54', 18, 'Traumatismo de nervios a nivel del antebrazo', 'Por la presencia de los núcleos de osificación, a veces son necesarias radiografías comparativas del brazo contralateral para hacer diagnóstico diferencial con los núcleos de osificación.'),
	('S60', 18, 'Traumatismo superficial de la muñeca y de la mano', 'Estas lesiones pueden ser aisladas o formar parte de un traumatismo múltiple, es poco común que representen un peligro para la vida, pero pueden causar discapacidad importante, poniendo en riesgo el estilo de vida y el sustento del paciente'),
	('S72', 18, 'Fractura del fémur', 'Rxamen físico que busca cualquier deformidad, fracturas, moretones y fragmentos óseos que presionan sobre la piel, se utilizarán pruebas imagenológicas para proporcionar más información y detalles sobre la fractura.'),
	('S82', 18, 'Fractura de la pierna, inclusive el tobillo', 'Durante la exploración física, el médico inspeccionará la zona afectada para detectar sensibilidad, hinchazón, deformidad o una herida abierta.'),
	('S84', 18, 'Traumatismo de nervios a nivel de la pierna', 'Durante la exploración física, el médico inspeccionará la zona afectada para detectar sensibilidad, hinchazón, deformidad o una herida abierta.'),
	('S92', 18, 'Fractura del pie, excepto del tobillo', 'Por lo general, radiografías, Rara vez es necesario realizar una tomografía computarizada (TC) o una resonancia magnética nuclear (RMN).'),
	('T08', 18, 'Fractura de la columna vertebral, nivel no especificado', 'El diagnóstico se puede realizar con radiología simple (Rayos X) aunque se suele complementar con escáner (TAC) o una resonancia magnética para valorar mejor el hueso y los tejidos adyacentes, el edema vertebral, el canal vertebral etc., incluso descartar otros procesos.'),
	('T15', 18, 'Cuerpo extraño en parte externa del ojo', 'Después de la dilatación de la pupila examinar el fondo del ojo, buscando el cuerpo extraño dentro del globo ocular. Si la anamnesis señala un traumatismo con un cuerpo extraño metálico, se puede indicar la radiografía orbital y en caso de un cuerpo extraño no metálico la ecografía del globo ocular.'),
	('T16', 18, 'Cuerpo extraño en el oído', 'Confirmar a través del examen con espéculo ótico. En el diagnóstico diferencial tomar en cuenta la acumulación del cerumen, hematoma, otitis externa, perforación de la membrana timpánica, excoriación del conducto auditivo y neoplasias.'),
	('T21', 18, 'Quemadura y corrosión del tronco', 'Evaluación clínica de la extensión y profundidad de la quemadura. Pruebas de laboratorio y radiografía de tórax en pacientes internados. La localización y la profundidad de las zonas quemadas se registran en un diagrama de quemados.'),
	('T33', 18, 'Congelamiento superficial', 'El diagnóstico de congelamiento se suele realizar en función de los signos y síntomas, la apariencia de la piel, y una revisión de las actividades recientes en las cuales se tuvo exposición al frío. Realización de pruebas, como una radiografía, una exploración ósea, o una IRM'),
	('T36', 18, 'Envenenamiento por antibióticos sistémicos', 'Lo primero es sospechar el diagnóstico; de lo contrario, muchas intoxicaciones van a pasar desapercibidas.'),
	('T51', 18, 'Efecto tóxico del alcohol', 'Debe sospecharse en todas las situaciones en que, de forma inexplicable, exista acidosis metabólica con aumento del hiato aniónico y osmolar, en que aparezcan los signos y síntomas comentados anteriormente. El diagnóstico se confirmará por la presencia en sangre de etilenglicol.'),
	('T56', 18, 'Efecto tóxico de metales', 'El diagnóstico clínico es difícil porque los síntomas que aparecen inicialmente son poco característicos. Puede haber o no alteraciones gastrointestinales, y una serie de trastornos inespecíficos, principalmente anorexia, pérdida de peso, debilidad y malestar general. Otros síntomas pueden hacerse más o menos evidentes, facilitando el diagnóstico: dermatitis, estomatitis, neuropatía periférica con incoordinación y parálisis y alteraciones hematológicas.'),
	('T68', 18, 'Hipotermia', 'El diagnóstico de hipotermia es, por lo general, aparente en función de los signos físicos de la persona y las condiciones en las que la persona con hipotermia se enfermó o fue encontrada. Los análisis de sangre también pueden ayudar a confirmar la hipotermia y su gravedad.'),
	('T71', 18, 'Asfixia', 'Se presenta cuando alguien no puede respirar porque la garganta o la tráquea (vía aérea) están bloqueadas con alimento, un juguete u otros objetos.'),
	('V90', 19, 'Accidente de embarcación que causa ahogamiento y sumersión', 'Evaluación clínica. Para las lesiones concomitantes, se indican estudios de diagnóstico por imágenes. Oximetría de pulso, y si el resultado es anómalo o si existen síntomas y signos de respiración, radiografía de tórax y gases en sangre'),
	('W00', 19, 'Caída en el mismo nivel por hielo o nieve', 'Inmovilización con vendaje compresivo AINE y Control por MAP en 8 días'),
	('W10', 19, 'Caída en o desde escalera y escalones', 'Inmovilización con vendaje compresivo AINE y Control por MAP en 8 días'),
	('W14', 19, 'Caída desde un árbol', 'Inmovilización con vendaje compresivo AINE y Control por MAP en 8 días'),
	('W32', 19, 'Disparo de arma corta', 'Traumatismo provocado por la agresión con un arma de fuego.'),
	('W54', 19, 'Mordedura o ataque de perro', 'Heridas, contusiones, equímosis, excoriaciones, erosiones y cicatrices inferiores a 5 cm, que comprometen tronco y extremidades pero no la cara y cuello; no dejan secuela funcional y, desde el punto de vista estético, su secuela es poco o nada visible pero jamás deformante'),
	('W56', 19, 'Contacto traumático con animales marinos', 'En algún caso pueden aparecer vesículas e incluso escaras necróticas de evolución tórpida. Las lesiones suelen autolimitarse en pocas horas, pero es frecuente que den cuadros reicidivantes de tipo urticariforme o parestesias'),
	('W58', 19, 'Mordedura o ataque de cocodrilo o caimán', 'Se debe administrar profilaxis antitetánica'),
	('W79', 19, 'Inhalación e ingestión de alimento que causa obstrucción de las vías respiratorias', 'Se  requieren en muchos casos de la realización de pruebas complementarias, siendo la más extendida la radiografía (Rx). En los casos de aspiración debemos tener muy presente que una Rx normal no excluye la misma, por lo que es necesario un alto índice de sospecha para el diagnóstico de aspiración. '),
	('W85', 19, 'Exposición a líneas de transmisión eléctrica', 'Evaluación médica. El médico comprueba si hay quemaduras, fracturas, luxaciones y lesiones en la médula espinal o en otras partes. La mayoría de personas que no tienen síntomas, no requieren pruebas ni control alguno.'),
	('X04', 19, 'Exposición a ignición de material altamente inflamable', ' Se debe realizar una gasometría arterial en todos los pacientes, que comúnmente van a presentar grados variables de hipoxia sin hipercarbia.'),
	('X10', 19, 'Contacto con bebidas, alimentos, grasas y aceites para cocinar, calientes', 'La gravedad de una herida dependerá fundamentalmente de la extensión y de la profundidad. Intervienen otros factores como son la edad, el tiempo de exposición, el agente causal y la localización.'),
	('X33', 19, 'Víctima de rayo', 'Reconocimiento de complicaciones cardíacas y cerebrales. Las lesiones por rayos pueden tener o no testigos. Las lesiones sin testigo se sospechan cuando una persona que se encuentra en fuera durante o después de una tormenta tiene amnesia o se la encuentra inconsciente.'),
	('Y20', 19, 'Ahorcamiento, estrangulamiento y sofocación, de intención no determinada', 'Deficiencia de oxígeno sistémica, bajo contenido de oxigeno, sofocación'),
	('Y60', 19, 'Corte, punción, perforación o hemorragia no intencional durante la atención médica y quirúrgica', 'Incidente durante operación quirúrgica, infusión de dangre.'),
	('Z22', 20, 'Portador de enfermedad infecciosa', 'Completa historia clínica con la búsqueda de factores de riesgo epidemiológicos y signos sugestivos en la exploración, en pruebas complementarias generales y de imagen que orientan, localizan y permiten establecer un diagnóstico de sospecha y en las pruebas específicas microbiológicas (cultivo y técnicas de detección directa) que permiten identificar la etiología de la enfermedad.'),
	('Z28', 20, 'Inmunización no realizada', 'Carencia de determinadas vacunas que ayudan a aprevinir diferentes enfermedades.'),
	('Z30', 20, 'Atención para la anticoncepción', 'Debe solicitar inmediatamente asistencia médica si aparecen los siguientes signos de alarma: flujo vaginal maloliente, dolor abdominal intenso, hemorragia continua o fiebre alta. El diagnóstico precoz y el tratamiento de la complicación suscitará un sentimientogeneral de confianza en la asistencia postaborto'),
	('Z31', 20, 'Atención para la procreación', 'Requiere un enfoque positivo y respetuoso de la sexualidad y de las relaciones sexuales, así como la posibilidad de tener experiencias sexuales placenteras y seguras'),
	('Z34', 20, 'Supervisión de embarazo normal', 'Vigilar la evolución de éste y preparar a la madre para lo que viene. Desde la primera entrevista, todo lo que se hace durante el embarazo es simplemente ejercer vigilancia; sólo cuando se detecta alguna alteración se interviene para corregirla.'),
	('Z40', 20, 'Cirugía profiláctica', 'En cuanto al manejo quirúrgico, se cuenta con mastectomía profiláctica (MP) y la salpingooforectomía (SO), siendo la primera efectiva para reducir solo el riesgo de cáncer de mama, mientras que la SO reduce tanto el riesgo de cáncer de mama como de ovario.');

INSERT INTO especialidades (id_especialidad, nombre_especialidad) VALUES
	(1, 'Alergología'),
	(2, 'Anestesiología'),
	(3, 'Dermatología'),
	(4, 'Cardiología'),
	(5, 'Diabetólogos'),
	(6, 'Electrofisiología'),
	(7, 'Endocrinología'),
	(8, 'Fisiatría'),
	(9, 'Gastroenterología'),
	(10, 'Genética'),
	(11, 'Geriatría'),
	(12, 'Hematología'),
	(13, 'Infectólogos'),
	(14, 'Medicina crítica y cuidados intensivos'),
	(15, 'Medicina familiar'),
	(16, 'Medicina general'),
	(17, 'Medicina interna'),
	(18, 'Medicina preventiva'),
	(19, 'Nefrólogos'),
	(20, 'Neumología'),
	(21, 'Neurofisiólogos'),
	(22, 'Neurólogos'),
	(23, 'Nutriólogos'),
	(24, 'Oncólogos'),
	(25, 'Oncólogos Radioterapéutas'),
	(26, 'Patólogos'),
	(27, 'Psiquiatras'),
	(28, 'Radiólogos'),
	(29, 'Reumatólogos');

